variant	repetition	executable	executable_sha256	exit_code	timed_out	duration_ms	normalized_transcript_sha256	strict_signature_sha256	strict_fact_count	verdict_lines	count_facts	trace_lines	source_echo_lines	build_lines	stdout_sha256	stderr_sha256	stdout_excerpt	stderr_excerpt
base	1	/Users/ali/Desktop/ReLico-Actor-Priority-Systematic-Family-20260802T165327+0330/expected-1-delay-0/base/relico-systematic-verifier	c15a8a11003ba6ff397887b776485cbdbba9e0c9078e6c15e78a4fba671bb65a	0	False	192	902681d6909deb41981bbe97938d0b8ffe3f8f6b968199c40873f0ef82c7e48d	7fc781feb15a283bf752061e22ab9d6d9c3747ef9a72b6698db07490ede45f76	11	[]	[]	"[""<message arrival=\""0\"" deadline=\""infinity\"" sender=\""workerA\"">fire()</message>"",""<message arrival=\""0\"" deadline=\""infinity\"" sender=\""workerA\"">hit(1)</message>"",""<message arrival=\""0\"" deadline=\""infinity\"" sender=\""workerB\"">fire()</message>"",""<message arrival=\""0\"" deadline=\""infinity\"" sender=\""workerB\"">hit(2)</message>"",""<rebec name=\""observer\"">"",""<rebec name=\""workerA\"">"",""<rebec name=\""workerB\"">"",""<transition source=\""1_0\"" destination=\""2_0\"" executionTime=\""0\"" shift=\""0\""> <messageserver sender=\""workerA\"" owner=\""workerA\"" title=\""FIRE\""/></transition>"",""<transition source=\""2_0\"" destination=\""3_0\"" executionTime=\""0\"" shift=\""0\""> <messageserver sender=\""workerB\"" owner=\""workerB\"" title=\""FIRE\""/></transition>"",""<transition source=\""3_0\"" destination=\""4_0\"" executionTime=\""0\"" shift=\""0\""> <messageserver sender=\""workerA\"" owner=\""observer\"" title=\""HIT\""/></transition>"",""<transition source=\""4_0\"" destination=\""5_0\"" executionTime=\""0\"" shift=\""0\""> <messageserver sender=\""workerB\"" owner=\""observer\"" title=\""HIT\""/></transition>""]"	"[""<message arrival=\""0\"" deadline=\""infinity\"" sender=\""workerA\"">fire()</message>"",""<message arrival=\""0\"" deadline=\""infinity\"" sender=\""workerA\"">hit(1)</message>"",""<message arrival=\""0\"" deadline=\""infinity\"" sender=\""workerB\"">fire()</message>"",""<message arrival=\""0\"" deadline=\""infinity\"" sender=\""workerB\"">hit(2)</message>"",""<rebec name=\""workerA\"">"",""<rebec name=\""workerB\"">"",""<transition source=\""1_0\"" destination=\""2_0\"" executionTime=\""0\"" shift=\""0\""> <messageserver sender=\""workerA\"" owner=\""workerA\"" title=\""FIRE\""/></transition>"",""<transition source=\""2_0\"" destination=\""3_0\"" executionTime=\""0\"" shift=\""0\""> <messageserver sender=\""workerB\"" owner=\""workerB\"" title=\""FIRE\""/></transition>"",""<transition source=\""3_0\"" destination=\""4_0\"" executionTime=\""0\"" shift=\""0\""> <messageserver sender=\""workerA\"" owner=\""observer\"" title=\""HIT\""/></transition>"",""<transition source=\""4_0\"" destination=\""5_0\"" executionTime=\""0\"" shift=\""0\""> <messageserver sender=\""workerB\"" owner=\""observer\"" title=\""HIT\""/></transition>""]"	[]	b5cd05706defc0c47431bb04e5215b6993e7cf65557b875e30d93d9a6327a046	e3b0c44298fc1c149afbf4c8996fb92427ae41e4649b934ca495991b7852b855	"<model-checking-report>
<system-info>
	<total-spent-time>0</total-spent-time>
	<reached-states>6</reached-states>
	<reached-transitions>6</reached-transitions>
	<consumed-mem>72</consumed-mem>
</system-info>
<checked-property>
	<type>Reachability</type>
	<name>Deadlock-Freedom and No Deadline Missed</name>
	<result>deadlock</result>
<options>
	<option>Safe mode is enabled</option>
	<option>FTTS</option>
</options>
</checked-property>
<counter-example-trace>
<state id=""1_0"" atomicpropositions="""" >
	<rebec name=""workerA"">
		<statevariables>
		</statevariables>
		<queue>
			<message arrival=""0"" deadline=""infinity"" sender=""workerA"">fire()</message>
		</queue>
		<now>0</now>
	</rebec>
	<rebec name=""workerB"">
		<statevariables>
		</statevariables>
		<queue>
			<message arrival=""0"" deadline=""infinity"" sender=""workerB"">fire()</message>
		</queue>
		<now>0</now>
	</rebec>
	<rebec name=""observer"">
		<statevariables>
			<variable name=""Observer.first"" type=""int"">0</variable>
		</statevariables>
		<queue>
		</queue>
		<now>0</now>
	</rebec>
</state>
<transition source=""1_0"" destination=""2_0"" executionTime=""0"" shift=""0""> <messageserver sender=""workerA"" owner=""workerA"" title=""FIRE""/></transition>
<state id=""2_0"" atomicpropositions="""" >
	<rebec name=""workerA"">
		<statevariables>
		</statevariables>
		<queue>
		</queue>
		<now>0</now>
	</rebec>
	<rebec name=""workerB"">
		<statevariables>
		</statevariables>
		<queue>
			<message arrival=""0"" deadline=""infinity"" sender=""workerB"">fire()</message>
		</queue>
		<now>0</now>
	</rebec>
	<rebec name=""observer"">
		<statevariables>
			<variable name=""Observer.first"" type=""int"">0</variable>
		</statevariables>
		<queue>
			<message arrival=""0"" deadline=""infinity"" sender=""workerA"">hit(1)</message>
		</queue>
		<now>0</now>
	</rebec>
</state>
<transition source=""2_0"" destination=""3_0"" executionTime=""0"" shift=""0""> <messageserver sender=""workerB"" owner=""workerB"" title=""FIRE""/></transition>
<state id=""3_0"" atomicpropositions="""" >
	<rebec name=""workerA"">
		<statevariables>
		</statevariables>
		<queue>
		</queue>
		<now>0</now>
	</rebec>
	<rebec name=""workerB"">
		<statevariables>
		</statevariables>
		<queue>
		</queue>
		<now>0</now>
	</rebec>
	<rebec name=""observer"">
		<statevariables>
			<variable name=""Observer.first"" type=""int"">0</variable>
		</statevariables>
		<queue>
			<message arrival=""0"" deadline=""infinity"" sender=""workerA"">hit(1)</message>
			<message arrival=""0"" deadline=""infinity"" sender=""workerB"">hit(2)</message>
		</queue>
		<now>0</now>
	</rebec>
</state>
<transition source=""3_0"" destination=""4_0"" executionTime=""0"" shift=""0""> <messageserver sender=""workerA"" owner=""observer"" title=""HIT""/></transition>
<state id=""4_0"" atomicpropositions="""" >
	<rebec name=""workerA"">
		<statevariables>
		</statevariables>
		<queue>
		</queue>
		<now>0</now>
	</rebec>
	<rebec name=""workerB"">
		<statevariables>
		</statevariables>
		<queue>
		</queue>
		<now>0</now>
	</rebec>
	<rebec name=""observer"">
		<statevariables>
			<variable name=""Observer.first"" type=""int"">1</variable>
		</statevariables>
		<queue>
			<message arrival=""0"" deadline=""infinity"" sender=""workerB"">hit(2)</message>
		</queue>
		<now>0</now>
	</rebec>
</state>
<transition source=""4_0"" destination=""5_0"" executionTime=""0"" shift=""0""> <messageserver sender=""workerB"" owner=""observer"" title=""HIT""/></transition>
<state id=""5_0"" atomicpropositions="""" >
	<rebec name=""workerA"">
		<statevariables>
		</statevariables>
		<queue>
		</queue>
		<now>2147483647</now>
	</rebec>
	<rebec name=""workerB"">
		<statevariables>
		</statevariables>
		<queue>
		</queue>
		<now>2147483647</now>
	</rebec>
	<rebec name=""observer"">
		<statevariables>
			<variable name=""Observer.first"" type=""int"">1</variable>
		</statevariables>
		<queue>
		</queue>
		<now>2147483647</now>
	</rebec>
</state>
</counter-example-trace>
</model-checking-report>
"	
base	2	/Users/ali/Desktop/ReLico-Actor-Priority-Systematic-Family-20260802T165327+0330/expected-1-delay-0/base/relico-systematic-verifier	c15a8a11003ba6ff397887b776485cbdbba9e0c9078e6c15e78a4fba671bb65a	0	False	155	902681d6909deb41981bbe97938d0b8ffe3f8f6b968199c40873f0ef82c7e48d	7fc781feb15a283bf752061e22ab9d6d9c3747ef9a72b6698db07490ede45f76	11	[]	[]	"[""<message arrival=\""0\"" deadline=\""infinity\"" sender=\""workerA\"">fire()</message>"",""<message arrival=\""0\"" deadline=\""infinity\"" sender=\""workerA\"">hit(1)</message>"",""<message arrival=\""0\"" deadline=\""infinity\"" sender=\""workerB\"">fire()</message>"",""<message arrival=\""0\"" deadline=\""infinity\"" sender=\""workerB\"">hit(2)</message>"",""<rebec name=\""observer\"">"",""<rebec name=\""workerA\"">"",""<rebec name=\""workerB\"">"",""<transition source=\""1_0\"" destination=\""2_0\"" executionTime=\""0\"" shift=\""0\""> <messageserver sender=\""workerA\"" owner=\""workerA\"" title=\""FIRE\""/></transition>"",""<transition source=\""2_0\"" destination=\""3_0\"" executionTime=\""0\"" shift=\""0\""> <messageserver sender=\""workerB\"" owner=\""workerB\"" title=\""FIRE\""/></transition>"",""<transition source=\""3_0\"" destination=\""4_0\"" executionTime=\""0\"" shift=\""0\""> <messageserver sender=\""workerA\"" owner=\""observer\"" title=\""HIT\""/></transition>"",""<transition source=\""4_0\"" destination=\""5_0\"" executionTime=\""0\"" shift=\""0\""> <messageserver sender=\""workerB\"" owner=\""observer\"" title=\""HIT\""/></transition>""]"	"[""<message arrival=\""0\"" deadline=\""infinity\"" sender=\""workerA\"">fire()</message>"",""<message arrival=\""0\"" deadline=\""infinity\"" sender=\""workerA\"">hit(1)</message>"",""<message arrival=\""0\"" deadline=\""infinity\"" sender=\""workerB\"">fire()</message>"",""<message arrival=\""0\"" deadline=\""infinity\"" sender=\""workerB\"">hit(2)</message>"",""<rebec name=\""workerA\"">"",""<rebec name=\""workerB\"">"",""<transition source=\""1_0\"" destination=\""2_0\"" executionTime=\""0\"" shift=\""0\""> <messageserver sender=\""workerA\"" owner=\""workerA\"" title=\""FIRE\""/></transition>"",""<transition source=\""2_0\"" destination=\""3_0\"" executionTime=\""0\"" shift=\""0\""> <messageserver sender=\""workerB\"" owner=\""workerB\"" title=\""FIRE\""/></transition>"",""<transition source=\""3_0\"" destination=\""4_0\"" executionTime=\""0\"" shift=\""0\""> <messageserver sender=\""workerA\"" owner=\""observer\"" title=\""HIT\""/></transition>"",""<transition source=\""4_0\"" destination=\""5_0\"" executionTime=\""0\"" shift=\""0\""> <messageserver sender=\""workerB\"" owner=\""observer\"" title=\""HIT\""/></transition>""]"	[]	b5cd05706defc0c47431bb04e5215b6993e7cf65557b875e30d93d9a6327a046	e3b0c44298fc1c149afbf4c8996fb92427ae41e4649b934ca495991b7852b855	"<model-checking-report>
<system-info>
	<total-spent-time>0</total-spent-time>
	<reached-states>6</reached-states>
	<reached-transitions>6</reached-transitions>
	<consumed-mem>72</consumed-mem>
</system-info>
<checked-property>
	<type>Reachability</type>
	<name>Deadlock-Freedom and No Deadline Missed</name>
	<result>deadlock</result>
<options>
	<option>Safe mode is enabled</option>
	<option>FTTS</option>
</options>
</checked-property>
<counter-example-trace>
<state id=""1_0"" atomicpropositions="""" >
	<rebec name=""workerA"">
		<statevariables>
		</statevariables>
		<queue>
			<message arrival=""0"" deadline=""infinity"" sender=""workerA"">fire()</message>
		</queue>
		<now>0</now>
	</rebec>
	<rebec name=""workerB"">
		<statevariables>
		</statevariables>
		<queue>
			<message arrival=""0"" deadline=""infinity"" sender=""workerB"">fire()</message>
		</queue>
		<now>0</now>
	</rebec>
	<rebec name=""observer"">
		<statevariables>
			<variable name=""Observer.first"" type=""int"">0</variable>
		</statevariables>
		<queue>
		</queue>
		<now>0</now>
	</rebec>
</state>
<transition source=""1_0"" destination=""2_0"" executionTime=""0"" shift=""0""> <messageserver sender=""workerA"" owner=""workerA"" title=""FIRE""/></transition>
<state id=""2_0"" atomicpropositions="""" >
	<rebec name=""workerA"">
		<statevariables>
		</statevariables>
		<queue>
		</queue>
		<now>0</now>
	</rebec>
	<rebec name=""workerB"">
		<statevariables>
		</statevariables>
		<queue>
			<message arrival=""0"" deadline=""infinity"" sender=""workerB"">fire()</message>
		</queue>
		<now>0</now>
	</rebec>
	<rebec name=""observer"">
		<statevariables>
			<variable name=""Observer.first"" type=""int"">0</variable>
		</statevariables>
		<queue>
			<message arrival=""0"" deadline=""infinity"" sender=""workerA"">hit(1)</message>
		</queue>
		<now>0</now>
	</rebec>
</state>
<transition source=""2_0"" destination=""3_0"" executionTime=""0"" shift=""0""> <messageserver sender=""workerB"" owner=""workerB"" title=""FIRE""/></transition>
<state id=""3_0"" atomicpropositions="""" >
	<rebec name=""workerA"">
		<statevariables>
		</statevariables>
		<queue>
		</queue>
		<now>0</now>
	</rebec>
	<rebec name=""workerB"">
		<statevariables>
		</statevariables>
		<queue>
		</queue>
		<now>0</now>
	</rebec>
	<rebec name=""observer"">
		<statevariables>
			<variable name=""Observer.first"" type=""int"">0</variable>
		</statevariables>
		<queue>
			<message arrival=""0"" deadline=""infinity"" sender=""workerA"">hit(1)</message>
			<message arrival=""0"" deadline=""infinity"" sender=""workerB"">hit(2)</message>
		</queue>
		<now>0</now>
	</rebec>
</state>
<transition source=""3_0"" destination=""4_0"" executionTime=""0"" shift=""0""> <messageserver sender=""workerA"" owner=""observer"" title=""HIT""/></transition>
<state id=""4_0"" atomicpropositions="""" >
	<rebec name=""workerA"">
		<statevariables>
		</statevariables>
		<queue>
		</queue>
		<now>0</now>
	</rebec>
	<rebec name=""workerB"">
		<statevariables>
		</statevariables>
		<queue>
		</queue>
		<now>0</now>
	</rebec>
	<rebec name=""observer"">
		<statevariables>
			<variable name=""Observer.first"" type=""int"">1</variable>
		</statevariables>
		<queue>
			<message arrival=""0"" deadline=""infinity"" sender=""workerB"">hit(2)</message>
		</queue>
		<now>0</now>
	</rebec>
</state>
<transition source=""4_0"" destination=""5_0"" executionTime=""0"" shift=""0""> <messageserver sender=""workerB"" owner=""observer"" title=""HIT""/></transition>
<state id=""5_0"" atomicpropositions="""" >
	<rebec name=""workerA"">
		<statevariables>
		</statevariables>
		<queue>
		</queue>
		<now>2147483647</now>
	</rebec>
	<rebec name=""workerB"">
		<statevariables>
		</statevariables>
		<queue>
		</queue>
		<now>2147483647</now>
	</rebec>
	<rebec name=""observer"">
		<statevariables>
			<variable name=""Observer.first"" type=""int"">1</variable>
		</statevariables>
		<queue>
		</queue>
		<now>2147483647</now>
	</rebec>
</state>
</counter-example-trace>
</model-checking-report>
"	
base	3	/Users/ali/Desktop/ReLico-Actor-Priority-Systematic-Family-20260802T165327+0330/expected-1-delay-0/base/relico-systematic-verifier	c15a8a11003ba6ff397887b776485cbdbba9e0c9078e6c15e78a4fba671bb65a	0	False	137	902681d6909deb41981bbe97938d0b8ffe3f8f6b968199c40873f0ef82c7e48d	7fc781feb15a283bf752061e22ab9d6d9c3747ef9a72b6698db07490ede45f76	11	[]	[]	"[""<message arrival=\""0\"" deadline=\""infinity\"" sender=\""workerA\"">fire()</message>"",""<message arrival=\""0\"" deadline=\""infinity\"" sender=\""workerA\"">hit(1)</message>"",""<message arrival=\""0\"" deadline=\""infinity\"" sender=\""workerB\"">fire()</message>"",""<message arrival=\""0\"" deadline=\""infinity\"" sender=\""workerB\"">hit(2)</message>"",""<rebec name=\""observer\"">"",""<rebec name=\""workerA\"">"",""<rebec name=\""workerB\"">"",""<transition source=\""1_0\"" destination=\""2_0\"" executionTime=\""0\"" shift=\""0\""> <messageserver sender=\""workerA\"" owner=\""workerA\"" title=\""FIRE\""/></transition>"",""<transition source=\""2_0\"" destination=\""3_0\"" executionTime=\""0\"" shift=\""0\""> <messageserver sender=\""workerB\"" owner=\""workerB\"" title=\""FIRE\""/></transition>"",""<transition source=\""3_0\"" destination=\""4_0\"" executionTime=\""0\"" shift=\""0\""> <messageserver sender=\""workerA\"" owner=\""observer\"" title=\""HIT\""/></transition>"",""<transition source=\""4_0\"" destination=\""5_0\"" executionTime=\""0\"" shift=\""0\""> <messageserver sender=\""workerB\"" owner=\""observer\"" title=\""HIT\""/></transition>""]"	"[""<message arrival=\""0\"" deadline=\""infinity\"" sender=\""workerA\"">fire()</message>"",""<message arrival=\""0\"" deadline=\""infinity\"" sender=\""workerA\"">hit(1)</message>"",""<message arrival=\""0\"" deadline=\""infinity\"" sender=\""workerB\"">fire()</message>"",""<message arrival=\""0\"" deadline=\""infinity\"" sender=\""workerB\"">hit(2)</message>"",""<rebec name=\""workerA\"">"",""<rebec name=\""workerB\"">"",""<transition source=\""1_0\"" destination=\""2_0\"" executionTime=\""0\"" shift=\""0\""> <messageserver sender=\""workerA\"" owner=\""workerA\"" title=\""FIRE\""/></transition>"",""<transition source=\""2_0\"" destination=\""3_0\"" executionTime=\""0\"" shift=\""0\""> <messageserver sender=\""workerB\"" owner=\""workerB\"" title=\""FIRE\""/></transition>"",""<transition source=\""3_0\"" destination=\""4_0\"" executionTime=\""0\"" shift=\""0\""> <messageserver sender=\""workerA\"" owner=\""observer\"" title=\""HIT\""/></transition>"",""<transition source=\""4_0\"" destination=\""5_0\"" executionTime=\""0\"" shift=\""0\""> <messageserver sender=\""workerB\"" owner=\""observer\"" title=\""HIT\""/></transition>""]"	[]	b5cd05706defc0c47431bb04e5215b6993e7cf65557b875e30d93d9a6327a046	e3b0c44298fc1c149afbf4c8996fb92427ae41e4649b934ca495991b7852b855	"<model-checking-report>
<system-info>
	<total-spent-time>0</total-spent-time>
	<reached-states>6</reached-states>
	<reached-transitions>6</reached-transitions>
	<consumed-mem>72</consumed-mem>
</system-info>
<checked-property>
	<type>Reachability</type>
	<name>Deadlock-Freedom and No Deadline Missed</name>
	<result>deadlock</result>
<options>
	<option>Safe mode is enabled</option>
	<option>FTTS</option>
</options>
</checked-property>
<counter-example-trace>
<state id=""1_0"" atomicpropositions="""" >
	<rebec name=""workerA"">
		<statevariables>
		</statevariables>
		<queue>
			<message arrival=""0"" deadline=""infinity"" sender=""workerA"">fire()</message>
		</queue>
		<now>0</now>
	</rebec>
	<rebec name=""workerB"">
		<statevariables>
		</statevariables>
		<queue>
			<message arrival=""0"" deadline=""infinity"" sender=""workerB"">fire()</message>
		</queue>
		<now>0</now>
	</rebec>
	<rebec name=""observer"">
		<statevariables>
			<variable name=""Observer.first"" type=""int"">0</variable>
		</statevariables>
		<queue>
		</queue>
		<now>0</now>
	</rebec>
</state>
<transition source=""1_0"" destination=""2_0"" executionTime=""0"" shift=""0""> <messageserver sender=""workerA"" owner=""workerA"" title=""FIRE""/></transition>
<state id=""2_0"" atomicpropositions="""" >
	<rebec name=""workerA"">
		<statevariables>
		</statevariables>
		<queue>
		</queue>
		<now>0</now>
	</rebec>
	<rebec name=""workerB"">
		<statevariables>
		</statevariables>
		<queue>
			<message arrival=""0"" deadline=""infinity"" sender=""workerB"">fire()</message>
		</queue>
		<now>0</now>
	</rebec>
	<rebec name=""observer"">
		<statevariables>
			<variable name=""Observer.first"" type=""int"">0</variable>
		</statevariables>
		<queue>
			<message arrival=""0"" deadline=""infinity"" sender=""workerA"">hit(1)</message>
		</queue>
		<now>0</now>
	</rebec>
</state>
<transition source=""2_0"" destination=""3_0"" executionTime=""0"" shift=""0""> <messageserver sender=""workerB"" owner=""workerB"" title=""FIRE""/></transition>
<state id=""3_0"" atomicpropositions="""" >
	<rebec name=""workerA"">
		<statevariables>
		</statevariables>
		<queue>
		</queue>
		<now>0</now>
	</rebec>
	<rebec name=""workerB"">
		<statevariables>
		</statevariables>
		<queue>
		</queue>
		<now>0</now>
	</rebec>
	<rebec name=""observer"">
		<statevariables>
			<variable name=""Observer.first"" type=""int"">0</variable>
		</statevariables>
		<queue>
			<message arrival=""0"" deadline=""infinity"" sender=""workerA"">hit(1)</message>
			<message arrival=""0"" deadline=""infinity"" sender=""workerB"">hit(2)</message>
		</queue>
		<now>0</now>
	</rebec>
</state>
<transition source=""3_0"" destination=""4_0"" executionTime=""0"" shift=""0""> <messageserver sender=""workerA"" owner=""observer"" title=""HIT""/></transition>
<state id=""4_0"" atomicpropositions="""" >
	<rebec name=""workerA"">
		<statevariables>
		</statevariables>
		<queue>
		</queue>
		<now>0</now>
	</rebec>
	<rebec name=""workerB"">
		<statevariables>
		</statevariables>
		<queue>
		</queue>
		<now>0</now>
	</rebec>
	<rebec name=""observer"">
		<statevariables>
			<variable name=""Observer.first"" type=""int"">1</variable>
		</statevariables>
		<queue>
			<message arrival=""0"" deadline=""infinity"" sender=""workerB"">hit(2)</message>
		</queue>
		<now>0</now>
	</rebec>
</state>
<transition source=""4_0"" destination=""5_0"" executionTime=""0"" shift=""0""> <messageserver sender=""workerB"" owner=""observer"" title=""HIT""/></transition>
<state id=""5_0"" atomicpropositions="""" >
	<rebec name=""workerA"">
		<statevariables>
		</statevariables>
		<queue>
		</queue>
		<now>2147483647</now>
	</rebec>
	<rebec name=""workerB"">
		<statevariables>
		</statevariables>
		<queue>
		</queue>
		<now>2147483647</now>
	</rebec>
	<rebec name=""observer"">
		<statevariables>
			<variable name=""Observer.first"" type=""int"">1</variable>
		</statevariables>
		<queue>
		</queue>
		<now>2147483647</now>
	</rebec>
</state>
</counter-example-trace>
</model-checking-report>
"	
reversed	1	/Users/ali/Desktop/ReLico-Actor-Priority-Systematic-Family-20260802T165327+0330/expected-1-delay-0/reversed/relico-systematic-verifier	e6dc1cd67aff39d909a08aa27dda8b460d4fa0e88a9fccc297696a6ed338389b	0	False	125	0317ea4c9063558c7146923759a709b961db3398e4533a0656110b85010dcdc7	1afa615479339e6a14842e70b5b8db77727f88d72d374c55a060caafd0b1894a	11	[]	[]	"[""<message arrival=\""0\"" deadline=\""infinity\"" sender=\""workerA\"">fire()</message>"",""<message arrival=\""0\"" deadline=\""infinity\"" sender=\""workerA\"">hit(1)</message>"",""<message arrival=\""0\"" deadline=\""infinity\"" sender=\""workerB\"">fire()</message>"",""<message arrival=\""0\"" deadline=\""infinity\"" sender=\""workerB\"">hit(2)</message>"",""<rebec name=\""observer\"">"",""<rebec name=\""workerA\"">"",""<rebec name=\""workerB\"">"",""<transition source=\""1_0\"" destination=\""2_0\"" executionTime=\""0\"" shift=\""0\""> <messageserver sender=\""workerB\"" owner=\""workerB\"" title=\""FIRE\""/></transition>"",""<transition source=\""2_0\"" destination=\""3_0\"" executionTime=\""0\"" shift=\""0\""> <messageserver sender=\""workerA\"" owner=\""workerA\"" title=\""FIRE\""/></transition>"",""<transition source=\""3_0\"" destination=\""4_0\"" executionTime=\""0\"" shift=\""0\""> <messageserver sender=\""workerA\"" owner=\""observer\"" title=\""HIT\""/></transition>"",""<transition source=\""4_0\"" destination=\""5_0\"" executionTime=\""0\"" shift=\""0\""> <messageserver sender=\""workerB\"" owner=\""observer\"" title=\""HIT\""/></transition>""]"	"[""<message arrival=\""0\"" deadline=\""infinity\"" sender=\""workerA\"">fire()</message>"",""<message arrival=\""0\"" deadline=\""infinity\"" sender=\""workerA\"">hit(1)</message>"",""<message arrival=\""0\"" deadline=\""infinity\"" sender=\""workerB\"">fire()</message>"",""<message arrival=\""0\"" deadline=\""infinity\"" sender=\""workerB\"">hit(2)</message>"",""<rebec name=\""workerA\"">"",""<rebec name=\""workerB\"">"",""<transition source=\""1_0\"" destination=\""2_0\"" executionTime=\""0\"" shift=\""0\""> <messageserver sender=\""workerB\"" owner=\""workerB\"" title=\""FIRE\""/></transition>"",""<transition source=\""2_0\"" destination=\""3_0\"" executionTime=\""0\"" shift=\""0\""> <messageserver sender=\""workerA\"" owner=\""workerA\"" title=\""FIRE\""/></transition>"",""<transition source=\""3_0\"" destination=\""4_0\"" executionTime=\""0\"" shift=\""0\""> <messageserver sender=\""workerA\"" owner=\""observer\"" title=\""HIT\""/></transition>"",""<transition source=\""4_0\"" destination=\""5_0\"" executionTime=\""0\"" shift=\""0\""> <messageserver sender=\""workerB\"" owner=\""observer\"" title=\""HIT\""/></transition>""]"	[]	5b673079b36bb562ec4002f683534056b5214b7bf75f1b0f5bfb796a28f9a937	e3b0c44298fc1c149afbf4c8996fb92427ae41e4649b934ca495991b7852b855	"<model-checking-report>
<system-info>
	<total-spent-time>0</total-spent-time>
	<reached-states>6</reached-states>
	<reached-transitions>6</reached-transitions>
	<consumed-mem>72</consumed-mem>
</system-info>
<checked-property>
	<type>Reachability</type>
	<name>Deadlock-Freedom and No Deadline Missed</name>
	<result>deadlock</result>
<options>
	<option>Safe mode is enabled</option>
	<option>FTTS</option>
</options>
</checked-property>
<counter-example-trace>
<state id=""1_0"" atomicpropositions="""" >
	<rebec name=""workerA"">
		<statevariables>
		</statevariables>
		<queue>
			<message arrival=""0"" deadline=""infinity"" sender=""workerA"">fire()</message>
		</queue>
		<now>0</now>
	</rebec>
	<rebec name=""workerB"">
		<statevariables>
		</statevariables>
		<queue>
			<message arrival=""0"" deadline=""infinity"" sender=""workerB"">fire()</message>
		</queue>
		<now>0</now>
	</rebec>
	<rebec name=""observer"">
		<statevariables>
			<variable name=""Observer.first"" type=""int"">0</variable>
		</statevariables>
		<queue>
		</queue>
		<now>0</now>
	</rebec>
</state>
<transition source=""1_0"" destination=""2_0"" executionTime=""0"" shift=""0""> <messageserver sender=""workerB"" owner=""workerB"" title=""FIRE""/></transition>
<state id=""2_0"" atomicpropositions="""" >
	<rebec name=""workerA"">
		<statevariables>
		</statevariables>
		<queue>
			<message arrival=""0"" deadline=""infinity"" sender=""workerA"">fire()</message>
		</queue>
		<now>0</now>
	</rebec>
	<rebec name=""workerB"">
		<statevariables>
		</statevariables>
		<queue>
		</queue>
		<now>0</now>
	</rebec>
	<rebec name=""observer"">
		<statevariables>
			<variable name=""Observer.first"" type=""int"">0</variable>
		</statevariables>
		<queue>
			<message arrival=""0"" deadline=""infinity"" sender=""workerB"">hit(2)</message>
		</queue>
		<now>0</now>
	</rebec>
</state>
<transition source=""2_0"" destination=""3_0"" executionTime=""0"" shift=""0""> <messageserver sender=""workerA"" owner=""workerA"" title=""FIRE""/></transition>
<state id=""3_0"" atomicpropositions="""" >
	<rebec name=""workerA"">
		<statevariables>
		</statevariables>
		<queue>
		</queue>
		<now>0</now>
	</rebec>
	<rebec name=""workerB"">
		<statevariables>
		</statevariables>
		<queue>
		</queue>
		<now>0</now>
	</rebec>
	<rebec name=""observer"">
		<statevariables>
			<variable name=""Observer.first"" type=""int"">0</variable>
		</statevariables>
		<queue>
			<message arrival=""0"" deadline=""infinity"" sender=""workerA"">hit(1)</message>
			<message arrival=""0"" deadline=""infinity"" sender=""workerB"">hit(2)</message>
		</queue>
		<now>0</now>
	</rebec>
</state>
<transition source=""3_0"" destination=""4_0"" executionTime=""0"" shift=""0""> <messageserver sender=""workerA"" owner=""observer"" title=""HIT""/></transition>
<state id=""4_0"" atomicpropositions="""" >
	<rebec name=""workerA"">
		<statevariables>
		</statevariables>
		<queue>
		</queue>
		<now>0</now>
	</rebec>
	<rebec name=""workerB"">
		<statevariables>
		</statevariables>
		<queue>
		</queue>
		<now>0</now>
	</rebec>
	<rebec name=""observer"">
		<statevariables>
			<variable name=""Observer.first"" type=""int"">1</variable>
		</statevariables>
		<queue>
			<message arrival=""0"" deadline=""infinity"" sender=""workerB"">hit(2)</message>
		</queue>
		<now>0</now>
	</rebec>
</state>
<transition source=""4_0"" destination=""5_0"" executionTime=""0"" shift=""0""> <messageserver sender=""workerB"" owner=""observer"" title=""HIT""/></transition>
<state id=""5_0"" atomicpropositions="""" >
	<rebec name=""workerA"">
		<statevariables>
		</statevariables>
		<queue>
		</queue>
		<now>2147483647</now>
	</rebec>
	<rebec name=""workerB"">
		<statevariables>
		</statevariables>
		<queue>
		</queue>
		<now>2147483647</now>
	</rebec>
	<rebec name=""observer"">
		<statevariables>
			<variable name=""Observer.first"" type=""int"">1</variable>
		</statevariables>
		<queue>
		</queue>
		<now>2147483647</now>
	</rebec>
</state>
</counter-example-trace>
</model-checking-report>
"	
reversed	2	/Users/ali/Desktop/ReLico-Actor-Priority-Systematic-Family-20260802T165327+0330/expected-1-delay-0/reversed/relico-systematic-verifier	e6dc1cd67aff39d909a08aa27dda8b460d4fa0e88a9fccc297696a6ed338389b	0	False	129	0317ea4c9063558c7146923759a709b961db3398e4533a0656110b85010dcdc7	1afa615479339e6a14842e70b5b8db77727f88d72d374c55a060caafd0b1894a	11	[]	[]	"[""<message arrival=\""0\"" deadline=\""infinity\"" sender=\""workerA\"">fire()</message>"",""<message arrival=\""0\"" deadline=\""infinity\"" sender=\""workerA\"">hit(1)</message>"",""<message arrival=\""0\"" deadline=\""infinity\"" sender=\""workerB\"">fire()</message>"",""<message arrival=\""0\"" deadline=\""infinity\"" sender=\""workerB\"">hit(2)</message>"",""<rebec name=\""observer\"">"",""<rebec name=\""workerA\"">"",""<rebec name=\""workerB\"">"",""<transition source=\""1_0\"" destination=\""2_0\"" executionTime=\""0\"" shift=\""0\""> <messageserver sender=\""workerB\"" owner=\""workerB\"" title=\""FIRE\""/></transition>"",""<transition source=\""2_0\"" destination=\""3_0\"" executionTime=\""0\"" shift=\""0\""> <messageserver sender=\""workerA\"" owner=\""workerA\"" title=\""FIRE\""/></transition>"",""<transition source=\""3_0\"" destination=\""4_0\"" executionTime=\""0\"" shift=\""0\""> <messageserver sender=\""workerA\"" owner=\""observer\"" title=\""HIT\""/></transition>"",""<transition source=\""4_0\"" destination=\""5_0\"" executionTime=\""0\"" shift=\""0\""> <messageserver sender=\""workerB\"" owner=\""observer\"" title=\""HIT\""/></transition>""]"	"[""<message arrival=\""0\"" deadline=\""infinity\"" sender=\""workerA\"">fire()</message>"",""<message arrival=\""0\"" deadline=\""infinity\"" sender=\""workerA\"">hit(1)</message>"",""<message arrival=\""0\"" deadline=\""infinity\"" sender=\""workerB\"">fire()</message>"",""<message arrival=\""0\"" deadline=\""infinity\"" sender=\""workerB\"">hit(2)</message>"",""<rebec name=\""workerA\"">"",""<rebec name=\""workerB\"">"",""<transition source=\""1_0\"" destination=\""2_0\"" executionTime=\""0\"" shift=\""0\""> <messageserver sender=\""workerB\"" owner=\""workerB\"" title=\""FIRE\""/></transition>"",""<transition source=\""2_0\"" destination=\""3_0\"" executionTime=\""0\"" shift=\""0\""> <messageserver sender=\""workerA\"" owner=\""workerA\"" title=\""FIRE\""/></transition>"",""<transition source=\""3_0\"" destination=\""4_0\"" executionTime=\""0\"" shift=\""0\""> <messageserver sender=\""workerA\"" owner=\""observer\"" title=\""HIT\""/></transition>"",""<transition source=\""4_0\"" destination=\""5_0\"" executionTime=\""0\"" shift=\""0\""> <messageserver sender=\""workerB\"" owner=\""observer\"" title=\""HIT\""/></transition>""]"	[]	5b673079b36bb562ec4002f683534056b5214b7bf75f1b0f5bfb796a28f9a937	e3b0c44298fc1c149afbf4c8996fb92427ae41e4649b934ca495991b7852b855	"<model-checking-report>
<system-info>
	<total-spent-time>0</total-spent-time>
	<reached-states>6</reached-states>
	<reached-transitions>6</reached-transitions>
	<consumed-mem>72</consumed-mem>
</system-info>
<checked-property>
	<type>Reachability</type>
	<name>Deadlock-Freedom and No Deadline Missed</name>
	<result>deadlock</result>
<options>
	<option>Safe mode is enabled</option>
	<option>FTTS</option>
</options>
</checked-property>
<counter-example-trace>
<state id=""1_0"" atomicpropositions="""" >
	<rebec name=""workerA"">
		<statevariables>
		</statevariables>
		<queue>
			<message arrival=""0"" deadline=""infinity"" sender=""workerA"">fire()</message>
		</queue>
		<now>0</now>
	</rebec>
	<rebec name=""workerB"">
		<statevariables>
		</statevariables>
		<queue>
			<message arrival=""0"" deadline=""infinity"" sender=""workerB"">fire()</message>
		</queue>
		<now>0</now>
	</rebec>
	<rebec name=""observer"">
		<statevariables>
			<variable name=""Observer.first"" type=""int"">0</variable>
		</statevariables>
		<queue>
		</queue>
		<now>0</now>
	</rebec>
</state>
<transition source=""1_0"" destination=""2_0"" executionTime=""0"" shift=""0""> <messageserver sender=""workerB"" owner=""workerB"" title=""FIRE""/></transition>
<state id=""2_0"" atomicpropositions="""" >
	<rebec name=""workerA"">
		<statevariables>
		</statevariables>
		<queue>
			<message arrival=""0"" deadline=""infinity"" sender=""workerA"">fire()</message>
		</queue>
		<now>0</now>
	</rebec>
	<rebec name=""workerB"">
		<statevariables>
		</statevariables>
		<queue>
		</queue>
		<now>0</now>
	</rebec>
	<rebec name=""observer"">
		<statevariables>
			<variable name=""Observer.first"" type=""int"">0</variable>
		</statevariables>
		<queue>
			<message arrival=""0"" deadline=""infinity"" sender=""workerB"">hit(2)</message>
		</queue>
		<now>0</now>
	</rebec>
</state>
<transition source=""2_0"" destination=""3_0"" executionTime=""0"" shift=""0""> <messageserver sender=""workerA"" owner=""workerA"" title=""FIRE""/></transition>
<state id=""3_0"" atomicpropositions="""" >
	<rebec name=""workerA"">
		<statevariables>
		</statevariables>
		<queue>
		</queue>
		<now>0</now>
	</rebec>
	<rebec name=""workerB"">
		<statevariables>
		</statevariables>
		<queue>
		</queue>
		<now>0</now>
	</rebec>
	<rebec name=""observer"">
		<statevariables>
			<variable name=""Observer.first"" type=""int"">0</variable>
		</statevariables>
		<queue>
			<message arrival=""0"" deadline=""infinity"" sender=""workerA"">hit(1)</message>
			<message arrival=""0"" deadline=""infinity"" sender=""workerB"">hit(2)</message>
		</queue>
		<now>0</now>
	</rebec>
</state>
<transition source=""3_0"" destination=""4_0"" executionTime=""0"" shift=""0""> <messageserver sender=""workerA"" owner=""observer"" title=""HIT""/></transition>
<state id=""4_0"" atomicpropositions="""" >
	<rebec name=""workerA"">
		<statevariables>
		</statevariables>
		<queue>
		</queue>
		<now>0</now>
	</rebec>
	<rebec name=""workerB"">
		<statevariables>
		</statevariables>
		<queue>
		</queue>
		<now>0</now>
	</rebec>
	<rebec name=""observer"">
		<statevariables>
			<variable name=""Observer.first"" type=""int"">1</variable>
		</statevariables>
		<queue>
			<message arrival=""0"" deadline=""infinity"" sender=""workerB"">hit(2)</message>
		</queue>
		<now>0</now>
	</rebec>
</state>
<transition source=""4_0"" destination=""5_0"" executionTime=""0"" shift=""0""> <messageserver sender=""workerB"" owner=""observer"" title=""HIT""/></transition>
<state id=""5_0"" atomicpropositions="""" >
	<rebec name=""workerA"">
		<statevariables>
		</statevariables>
		<queue>
		</queue>
		<now>2147483647</now>
	</rebec>
	<rebec name=""workerB"">
		<statevariables>
		</statevariables>
		<queue>
		</queue>
		<now>2147483647</now>
	</rebec>
	<rebec name=""observer"">
		<statevariables>
			<variable name=""Observer.first"" type=""int"">1</variable>
		</statevariables>
		<queue>
		</queue>
		<now>2147483647</now>
	</rebec>
</state>
</counter-example-trace>
</model-checking-report>
"	
reversed	3	/Users/ali/Desktop/ReLico-Actor-Priority-Systematic-Family-20260802T165327+0330/expected-1-delay-0/reversed/relico-systematic-verifier	e6dc1cd67aff39d909a08aa27dda8b460d4fa0e88a9fccc297696a6ed338389b	0	False	129	971e2ee8da52d8c3743b53c9d14fa196a30a46d4f38093827b482b165c09f279	1afa615479339e6a14842e70b5b8db77727f88d72d374c55a060caafd0b1894a	11	[]	[]	"[""<message arrival=\""0\"" deadline=\""infinity\"" sender=\""workerA\"">fire()</message>"",""<message arrival=\""0\"" deadline=\""infinity\"" sender=\""workerA\"">hit(1)</message>"",""<message arrival=\""0\"" deadline=\""infinity\"" sender=\""workerB\"">fire()</message>"",""<message arrival=\""0\"" deadline=\""infinity\"" sender=\""workerB\"">hit(2)</message>"",""<rebec name=\""observer\"">"",""<rebec name=\""workerA\"">"",""<rebec name=\""workerB\"">"",""<transition source=\""1_0\"" destination=\""2_0\"" executionTime=\""0\"" shift=\""0\""> <messageserver sender=\""workerB\"" owner=\""workerB\"" title=\""FIRE\""/></transition>"",""<transition source=\""2_0\"" destination=\""3_0\"" executionTime=\""0\"" shift=\""0\""> <messageserver sender=\""workerA\"" owner=\""workerA\"" title=\""FIRE\""/></transition>"",""<transition source=\""3_0\"" destination=\""4_0\"" executionTime=\""0\"" shift=\""0\""> <messageserver sender=\""workerA\"" owner=\""observer\"" title=\""HIT\""/></transition>"",""<transition source=\""4_0\"" destination=\""5_0\"" executionTime=\""0\"" shift=\""0\""> <messageserver sender=\""workerB\"" owner=\""observer\"" title=\""HIT\""/></transition>""]"	"[""<message arrival=\""0\"" deadline=\""infinity\"" sender=\""workerA\"">fire()</message>"",""<message arrival=\""0\"" deadline=\""infinity\"" sender=\""workerA\"">hit(1)</message>"",""<message arrival=\""0\"" deadline=\""infinity\"" sender=\""workerB\"">fire()</message>"",""<message arrival=\""0\"" deadline=\""infinity\"" sender=\""workerB\"">hit(2)</message>"",""<rebec name=\""workerA\"">"",""<rebec name=\""workerB\"">"",""<transition source=\""1_0\"" destination=\""2_0\"" executionTime=\""0\"" shift=\""0\""> <messageserver sender=\""workerB\"" owner=\""workerB\"" title=\""FIRE\""/></transition>"",""<transition source=\""2_0\"" destination=\""3_0\"" executionTime=\""0\"" shift=\""0\""> <messageserver sender=\""workerA\"" owner=\""workerA\"" title=\""FIRE\""/></transition>"",""<transition source=\""3_0\"" destination=\""4_0\"" executionTime=\""0\"" shift=\""0\""> <messageserver sender=\""workerA\"" owner=\""observer\"" title=\""HIT\""/></transition>"",""<transition source=\""4_0\"" destination=\""5_0\"" executionTime=\""0\"" shift=\""0\""> <messageserver sender=\""workerB\"" owner=\""observer\"" title=\""HIT\""/></transition>""]"	[]	cac66006c3559eb98eea28a8242fae955c0bac00f7d73312fe7106ac73dd98b4	e3b0c44298fc1c149afbf4c8996fb92427ae41e4649b934ca495991b7852b855	"<model-checking-report>
<system-info>
	<total-spent-time>1</total-spent-time>
	<reached-states>6</reached-states>
	<reached-transitions>6</reached-transitions>
	<consumed-mem>72</consumed-mem>
</system-info>
<checked-property>
	<type>Reachability</type>
	<name>Deadlock-Freedom and No Deadline Missed</name>
	<result>deadlock</result>
<options>
	<option>Safe mode is enabled</option>
	<option>FTTS</option>
</options>
</checked-property>
<counter-example-trace>
<state id=""1_0"" atomicpropositions="""" >
	<rebec name=""workerA"">
		<statevariables>
		</statevariables>
		<queue>
			<message arrival=""0"" deadline=""infinity"" sender=""workerA"">fire()</message>
		</queue>
		<now>0</now>
	</rebec>
	<rebec name=""workerB"">
		<statevariables>
		</statevariables>
		<queue>
			<message arrival=""0"" deadline=""infinity"" sender=""workerB"">fire()</message>
		</queue>
		<now>0</now>
	</rebec>
	<rebec name=""observer"">
		<statevariables>
			<variable name=""Observer.first"" type=""int"">0</variable>
		</statevariables>
		<queue>
		</queue>
		<now>0</now>
	</rebec>
</state>
<transition source=""1_0"" destination=""2_0"" executionTime=""0"" shift=""0""> <messageserver sender=""workerB"" owner=""workerB"" title=""FIRE""/></transition>
<state id=""2_0"" atomicpropositions="""" >
	<rebec name=""workerA"">
		<statevariables>
		</statevariables>
		<queue>
			<message arrival=""0"" deadline=""infinity"" sender=""workerA"">fire()</message>
		</queue>
		<now>0</now>
	</rebec>
	<rebec name=""workerB"">
		<statevariables>
		</statevariables>
		<queue>
		</queue>
		<now>0</now>
	</rebec>
	<rebec name=""observer"">
		<statevariables>
			<variable name=""Observer.first"" type=""int"">0</variable>
		</statevariables>
		<queue>
			<message arrival=""0"" deadline=""infinity"" sender=""workerB"">hit(2)</message>
		</queue>
		<now>0</now>
	</rebec>
</state>
<transition source=""2_0"" destination=""3_0"" executionTime=""0"" shift=""0""> <messageserver sender=""workerA"" owner=""workerA"" title=""FIRE""/></transition>
<state id=""3_0"" atomicpropositions="""" >
	<rebec name=""workerA"">
		<statevariables>
		</statevariables>
		<queue>
		</queue>
		<now>0</now>
	</rebec>
	<rebec name=""workerB"">
		<statevariables>
		</statevariables>
		<queue>
		</queue>
		<now>0</now>
	</rebec>
	<rebec name=""observer"">
		<statevariables>
			<variable name=""Observer.first"" type=""int"">0</variable>
		</statevariables>
		<queue>
			<message arrival=""0"" deadline=""infinity"" sender=""workerA"">hit(1)</message>
			<message arrival=""0"" deadline=""infinity"" sender=""workerB"">hit(2)</message>
		</queue>
		<now>0</now>
	</rebec>
</state>
<transition source=""3_0"" destination=""4_0"" executionTime=""0"" shift=""0""> <messageserver sender=""workerA"" owner=""observer"" title=""HIT""/></transition>
<state id=""4_0"" atomicpropositions="""" >
	<rebec name=""workerA"">
		<statevariables>
		</statevariables>
		<queue>
		</queue>
		<now>0</now>
	</rebec>
	<rebec name=""workerB"">
		<statevariables>
		</statevariables>
		<queue>
		</queue>
		<now>0</now>
	</rebec>
	<rebec name=""observer"">
		<statevariables>
			<variable name=""Observer.first"" type=""int"">1</variable>
		</statevariables>
		<queue>
			<message arrival=""0"" deadline=""infinity"" sender=""workerB"">hit(2)</message>
		</queue>
		<now>0</now>
	</rebec>
</state>
<transition source=""4_0"" destination=""5_0"" executionTime=""0"" shift=""0""> <messageserver sender=""workerB"" owner=""observer"" title=""HIT""/></transition>
<state id=""5_0"" atomicpropositions="""" >
	<rebec name=""workerA"">
		<statevariables>
		</statevariables>
		<queue>
		</queue>
		<now>2147483647</now>
	</rebec>
	<rebec name=""workerB"">
		<statevariables>
		</statevariables>
		<queue>
		</queue>
		<now>2147483647</now>
	</rebec>
	<rebec name=""observer"">
		<statevariables>
			<variable name=""Observer.first"" type=""int"">1</variable>
		</statevariables>
		<queue>
		</queue>
		<now>2147483647</now>
	</rebec>
</state>
</counter-example-trace>
</model-checking-report>
"	
absent	1	/Users/ali/Desktop/ReLico-Actor-Priority-Systematic-Family-20260802T165327+0330/expected-1-delay-0/absent/relico-systematic-verifier	12aa4e2a1e4d1f90726c31fb15e28b5f0e719efd774873e698322f793837e790	0	False	125	ed9bf2a4dcc47852ac62dce682ebf08fdd300e9f99b74ac04e5adc5ffa473d10	21d2ed5af77c438909d06d1f1f51fc3dea7f7492795ddfbc7adc73fd1012b384	14	"[""<result>assertion failed</result>"",""<state id=\""assertion failed\"" atomicpropositions=\""assertion failed\"">"",""<transition source=\""4_0\"" destination=\""assertion failed\"" executionTime=\""0\"" shift=\""0\""> <messageserver sender=\""workerA\"" owner=\""observer\"" title=\""HIT\""/></transition>""]"	[]	"[""<message arrival=\""0\"" deadline=\""infinity\"" sender=\""workerA\"">fire()</message>"",""<message arrival=\""0\"" deadline=\""infinity\"" sender=\""workerA\"">hit(1)</message>"",""<message arrival=\""0\"" deadline=\""infinity\"" sender=\""workerB\"">fire()</message>"",""<message arrival=\""0\"" deadline=\""infinity\"" sender=\""workerB\"">hit(2)</message>"",""<rebec name=\""observer\"">"",""<rebec name=\""workerA\"">"",""<rebec name=\""workerB\"">"",""<transition source=\""1_0\"" destination=\""2_0\"" executionTime=\""0\"" shift=\""0\""> <messageserver sender=\""workerA\"" owner=\""workerA\"" title=\""FIRE\""/></transition>"",""<transition source=\""2_0\"" destination=\""3_0\"" executionTime=\""0\"" shift=\""0\""> <messageserver sender=\""workerB\"" owner=\""workerB\"" title=\""FIRE\""/></transition>"",""<transition source=\""3_0\"" destination=\""4_0\"" executionTime=\""0\"" shift=\""0\""> <messageserver sender=\""workerA\"" owner=\""observer\"" title=\""HIT\""/></transition>"",""<transition source=\""4_0\"" destination=\""assertion failed\"" executionTime=\""0\"" shift=\""0\""> <messageserver sender=\""workerA\"" owner=\""observer\"" title=\""HIT\""/></transition>""]"	"[""<message arrival=\""0\"" deadline=\""infinity\"" sender=\""workerA\"">fire()</message>"",""<message arrival=\""0\"" deadline=\""infinity\"" sender=\""workerA\"">hit(1)</message>"",""<message arrival=\""0\"" deadline=\""infinity\"" sender=\""workerB\"">fire()</message>"",""<message arrival=\""0\"" deadline=\""infinity\"" sender=\""workerB\"">hit(2)</message>"",""<rebec name=\""workerA\"">"",""<rebec name=\""workerB\"">"",""<transition source=\""1_0\"" destination=\""2_0\"" executionTime=\""0\"" shift=\""0\""> <messageserver sender=\""workerA\"" owner=\""workerA\"" title=\""FIRE\""/></transition>"",""<transition source=\""2_0\"" destination=\""3_0\"" executionTime=\""0\"" shift=\""0\""> <messageserver sender=\""workerB\"" owner=\""workerB\"" title=\""FIRE\""/></transition>"",""<transition source=\""3_0\"" destination=\""4_0\"" executionTime=\""0\"" shift=\""0\""> <messageserver sender=\""workerA\"" owner=\""observer\"" title=\""HIT\""/></transition>"",""<transition source=\""4_0\"" destination=\""assertion failed\"" executionTime=\""0\"" shift=\""0\""> <messageserver sender=\""workerA\"" owner=\""observer\"" title=\""HIT\""/></transition>""]"	[]	25e84d6ef080d31cdfaca65f2667481593e4b3bdf018e9eb9e6997c802253ffc	e3b0c44298fc1c149afbf4c8996fb92427ae41e4649b934ca495991b7852b855	"<model-checking-report>
<system-info>
	<total-spent-time>0</total-spent-time>
	<reached-states>8</reached-states>
	<reached-transitions>11</reached-transitions>
	<consumed-mem>96</consumed-mem>
</system-info>
<checked-property>
	<type>Reachability</type>
	<name>Deadlock-Freedom and No Deadline Missed</name>
	<result>assertion failed</result>
	<message>no message</message>
<options>
	<option>Safe mode is enabled</option>
	<option>FTTS</option>
</options>
</checked-property>
<counter-example-trace>
<state id=""1_0"" atomicpropositions="""" >
	<rebec name=""workerA"">
		<statevariables>
		</statevariables>
		<queue>
			<message arrival=""0"" deadline=""infinity"" sender=""workerA"">fire()</message>
		</queue>
		<now>0</now>
	</rebec>
	<rebec name=""workerB"">
		<statevariables>
		</statevariables>
		<queue>
			<message arrival=""0"" deadline=""infinity"" sender=""workerB"">fire()</message>
		</queue>
		<now>0</now>
	</rebec>
	<rebec name=""observer"">
		<statevariables>
			<variable name=""Observer.first"" type=""int"">0</variable>
		</statevariables>
		<queue>
		</queue>
		<now>0</now>
	</rebec>
</state>
<transition source=""1_0"" destination=""2_0"" executionTime=""0"" shift=""0""> <messageserver sender=""workerA"" owner=""workerA"" title=""FIRE""/></transition>
<state id=""2_0"" atomicpropositions="""" >
	<rebec name=""workerA"">
		<statevariables>
		</statevariables>
		<queue>
		</queue>
		<now>0</now>
	</rebec>
	<rebec name=""workerB"">
		<statevariables>
		</statevariables>
		<queue>
			<message arrival=""0"" deadline=""infinity"" sender=""workerB"">fire()</message>
		</queue>
		<now>0</now>
	</rebec>
	<rebec name=""observer"">
		<statevariables>
			<variable name=""Observer.first"" type=""int"">0</variable>
		</statevariables>
		<queue>
			<message arrival=""0"" deadline=""infinity"" sender=""workerA"">hit(1)</message>
		</queue>
		<now>0</now>
	</rebec>
</state>
<transition source=""2_0"" destination=""3_0"" executionTime=""0"" shift=""0""> <messageserver sender=""workerB"" owner=""workerB"" title=""FIRE""/></transition>
<state id=""3_0"" atomicpropositions="""" >
	<rebec name=""workerA"">
		<statevariables>
		</statevariables>
		<queue>
		</queue>
		<now>0</now>
	</rebec>
	<rebec name=""workerB"">
		<statevariables>
		</statevariables>
		<queue>
		</queue>
		<now>0</now>
	</rebec>
	<rebec name=""observer"">
		<statevariables>
			<variable name=""Observer.first"" type=""int"">0</variable>
		</statevariables>
		<queue>
			<message arrival=""0"" deadline=""infinity"" sender=""workerA"">hit(1)</message>
			<message arrival=""0"" deadline=""infinity"" sender=""workerB"">hit(2)</message>
		</queue>
		<now>0</now>
	</rebec>
</state>
<transition source=""3_0"" destination=""4_0"" executionTime=""0"" shift=""0""> <messageserver sender=""workerA"" owner=""observer"" title=""HIT""/></transition>
<state id=""4_0"" atomicpropositions="""" >
	<rebec name=""workerA"">
		<statevariables>
		</statevariables>
		<queue>
		</queue>
		<now>0</now>
	</rebec>
	<rebec name=""workerB"">
		<statevariables>
		</statevariables>
		<queue>
		</queue>
		<now>0</now>
	</rebec>
	<rebec name=""observer"">
		<statevariables>
			<variable name=""Observer.first"" type=""int"">2</variable>
		</statevariables>
		<queue>
			<message arrival=""0"" deadline=""infinity"" sender=""workerA"">hit(1)</message>
		</queue>
		<now>0</now>
	</rebec>
</state>
<transition source=""4_0"" destination=""assertion failed"" executionTime=""0"" shift=""0""> <messageserver sender=""workerA"" owner=""observer"" title=""HIT""/></transition>
<state id=""assertion failed"" atomicpropositions=""assertion failed"">
</state>
</counter-example-trace>
</model-checking-report>
"	
absent	2	/Users/ali/Desktop/ReLico-Actor-Priority-Systematic-Family-20260802T165327+0330/expected-1-delay-0/absent/relico-systematic-verifier	12aa4e2a1e4d1f90726c31fb15e28b5f0e719efd774873e698322f793837e790	0	False	123	ed9bf2a4dcc47852ac62dce682ebf08fdd300e9f99b74ac04e5adc5ffa473d10	21d2ed5af77c438909d06d1f1f51fc3dea7f7492795ddfbc7adc73fd1012b384	14	"[""<result>assertion failed</result>"",""<state id=\""assertion failed\"" atomicpropositions=\""assertion failed\"">"",""<transition source=\""4_0\"" destination=\""assertion failed\"" executionTime=\""0\"" shift=\""0\""> <messageserver sender=\""workerA\"" owner=\""observer\"" title=\""HIT\""/></transition>""]"	[]	"[""<message arrival=\""0\"" deadline=\""infinity\"" sender=\""workerA\"">fire()</message>"",""<message arrival=\""0\"" deadline=\""infinity\"" sender=\""workerA\"">hit(1)</message>"",""<message arrival=\""0\"" deadline=\""infinity\"" sender=\""workerB\"">fire()</message>"",""<message arrival=\""0\"" deadline=\""infinity\"" sender=\""workerB\"">hit(2)</message>"",""<rebec name=\""observer\"">"",""<rebec name=\""workerA\"">"",""<rebec name=\""workerB\"">"",""<transition source=\""1_0\"" destination=\""2_0\"" executionTime=\""0\"" shift=\""0\""> <messageserver sender=\""workerA\"" owner=\""workerA\"" title=\""FIRE\""/></transition>"",""<transition source=\""2_0\"" destination=\""3_0\"" executionTime=\""0\"" shift=\""0\""> <messageserver sender=\""workerB\"" owner=\""workerB\"" title=\""FIRE\""/></transition>"",""<transition source=\""3_0\"" destination=\""4_0\"" executionTime=\""0\"" shift=\""0\""> <messageserver sender=\""workerA\"" owner=\""observer\"" title=\""HIT\""/></transition>"",""<transition source=\""4_0\"" destination=\""assertion failed\"" executionTime=\""0\"" shift=\""0\""> <messageserver sender=\""workerA\"" owner=\""observer\"" title=\""HIT\""/></transition>""]"	"[""<message arrival=\""0\"" deadline=\""infinity\"" sender=\""workerA\"">fire()</message>"",""<message arrival=\""0\"" deadline=\""infinity\"" sender=\""workerA\"">hit(1)</message>"",""<message arrival=\""0\"" deadline=\""infinity\"" sender=\""workerB\"">fire()</message>"",""<message arrival=\""0\"" deadline=\""infinity\"" sender=\""workerB\"">hit(2)</message>"",""<rebec name=\""workerA\"">"",""<rebec name=\""workerB\"">"",""<transition source=\""1_0\"" destination=\""2_0\"" executionTime=\""0\"" shift=\""0\""> <messageserver sender=\""workerA\"" owner=\""workerA\"" title=\""FIRE\""/></transition>"",""<transition source=\""2_0\"" destination=\""3_0\"" executionTime=\""0\"" shift=\""0\""> <messageserver sender=\""workerB\"" owner=\""workerB\"" title=\""FIRE\""/></transition>"",""<transition source=\""3_0\"" destination=\""4_0\"" executionTime=\""0\"" shift=\""0\""> <messageserver sender=\""workerA\"" owner=\""observer\"" title=\""HIT\""/></transition>"",""<transition source=\""4_0\"" destination=\""assertion failed\"" executionTime=\""0\"" shift=\""0\""> <messageserver sender=\""workerA\"" owner=\""observer\"" title=\""HIT\""/></transition>""]"	[]	25e84d6ef080d31cdfaca65f2667481593e4b3bdf018e9eb9e6997c802253ffc	e3b0c44298fc1c149afbf4c8996fb92427ae41e4649b934ca495991b7852b855	"<model-checking-report>
<system-info>
	<total-spent-time>0</total-spent-time>
	<reached-states>8</reached-states>
	<reached-transitions>11</reached-transitions>
	<consumed-mem>96</consumed-mem>
</system-info>
<checked-property>
	<type>Reachability</type>
	<name>Deadlock-Freedom and No Deadline Missed</name>
	<result>assertion failed</result>
	<message>no message</message>
<options>
	<option>Safe mode is enabled</option>
	<option>FTTS</option>
</options>
</checked-property>
<counter-example-trace>
<state id=""1_0"" atomicpropositions="""" >
	<rebec name=""workerA"">
		<statevariables>
		</statevariables>
		<queue>
			<message arrival=""0"" deadline=""infinity"" sender=""workerA"">fire()</message>
		</queue>
		<now>0</now>
	</rebec>
	<rebec name=""workerB"">
		<statevariables>
		</statevariables>
		<queue>
			<message arrival=""0"" deadline=""infinity"" sender=""workerB"">fire()</message>
		</queue>
		<now>0</now>
	</rebec>
	<rebec name=""observer"">
		<statevariables>
			<variable name=""Observer.first"" type=""int"">0</variable>
		</statevariables>
		<queue>
		</queue>
		<now>0</now>
	</rebec>
</state>
<transition source=""1_0"" destination=""2_0"" executionTime=""0"" shift=""0""> <messageserver sender=""workerA"" owner=""workerA"" title=""FIRE""/></transition>
<state id=""2_0"" atomicpropositions="""" >
	<rebec name=""workerA"">
		<statevariables>
		</statevariables>
		<queue>
		</queue>
		<now>0</now>
	</rebec>
	<rebec name=""workerB"">
		<statevariables>
		</statevariables>
		<queue>
			<message arrival=""0"" deadline=""infinity"" sender=""workerB"">fire()</message>
		</queue>
		<now>0</now>
	</rebec>
	<rebec name=""observer"">
		<statevariables>
			<variable name=""Observer.first"" type=""int"">0</variable>
		</statevariables>
		<queue>
			<message arrival=""0"" deadline=""infinity"" sender=""workerA"">hit(1)</message>
		</queue>
		<now>0</now>
	</rebec>
</state>
<transition source=""2_0"" destination=""3_0"" executionTime=""0"" shift=""0""> <messageserver sender=""workerB"" owner=""workerB"" title=""FIRE""/></transition>
<state id=""3_0"" atomicpropositions="""" >
	<rebec name=""workerA"">
		<statevariables>
		</statevariables>
		<queue>
		</queue>
		<now>0</now>
	</rebec>
	<rebec name=""workerB"">
		<statevariables>
		</statevariables>
		<queue>
		</queue>
		<now>0</now>
	</rebec>
	<rebec name=""observer"">
		<statevariables>
			<variable name=""Observer.first"" type=""int"">0</variable>
		</statevariables>
		<queue>
			<message arrival=""0"" deadline=""infinity"" sender=""workerA"">hit(1)</message>
			<message arrival=""0"" deadline=""infinity"" sender=""workerB"">hit(2)</message>
		</queue>
		<now>0</now>
	</rebec>
</state>
<transition source=""3_0"" destination=""4_0"" executionTime=""0"" shift=""0""> <messageserver sender=""workerA"" owner=""observer"" title=""HIT""/></transition>
<state id=""4_0"" atomicpropositions="""" >
	<rebec name=""workerA"">
		<statevariables>
		</statevariables>
		<queue>
		</queue>
		<now>0</now>
	</rebec>
	<rebec name=""workerB"">
		<statevariables>
		</statevariables>
		<queue>
		</queue>
		<now>0</now>
	</rebec>
	<rebec name=""observer"">
		<statevariables>
			<variable name=""Observer.first"" type=""int"">2</variable>
		</statevariables>
		<queue>
			<message arrival=""0"" deadline=""infinity"" sender=""workerA"">hit(1)</message>
		</queue>
		<now>0</now>
	</rebec>
</state>
<transition source=""4_0"" destination=""assertion failed"" executionTime=""0"" shift=""0""> <messageserver sender=""workerA"" owner=""observer"" title=""HIT""/></transition>
<state id=""assertion failed"" atomicpropositions=""assertion failed"">
</state>
</counter-example-trace>
</model-checking-report>
"	
absent	3	/Users/ali/Desktop/ReLico-Actor-Priority-Systematic-Family-20260802T165327+0330/expected-1-delay-0/absent/relico-systematic-verifier	12aa4e2a1e4d1f90726c31fb15e28b5f0e719efd774873e698322f793837e790	0	False	120	ed9bf2a4dcc47852ac62dce682ebf08fdd300e9f99b74ac04e5adc5ffa473d10	21d2ed5af77c438909d06d1f1f51fc3dea7f7492795ddfbc7adc73fd1012b384	14	"[""<result>assertion failed</result>"",""<state id=\""assertion failed\"" atomicpropositions=\""assertion failed\"">"",""<transition source=\""4_0\"" destination=\""assertion failed\"" executionTime=\""0\"" shift=\""0\""> <messageserver sender=\""workerA\"" owner=\""observer\"" title=\""HIT\""/></transition>""]"	[]	"[""<message arrival=\""0\"" deadline=\""infinity\"" sender=\""workerA\"">fire()</message>"",""<message arrival=\""0\"" deadline=\""infinity\"" sender=\""workerA\"">hit(1)</message>"",""<message arrival=\""0\"" deadline=\""infinity\"" sender=\""workerB\"">fire()</message>"",""<message arrival=\""0\"" deadline=\""infinity\"" sender=\""workerB\"">hit(2)</message>"",""<rebec name=\""observer\"">"",""<rebec name=\""workerA\"">"",""<rebec name=\""workerB\"">"",""<transition source=\""1_0\"" destination=\""2_0\"" executionTime=\""0\"" shift=\""0\""> <messageserver sender=\""workerA\"" owner=\""workerA\"" title=\""FIRE\""/></transition>"",""<transition source=\""2_0\"" destination=\""3_0\"" executionTime=\""0\"" shift=\""0\""> <messageserver sender=\""workerB\"" owner=\""workerB\"" title=\""FIRE\""/></transition>"",""<transition source=\""3_0\"" destination=\""4_0\"" executionTime=\""0\"" shift=\""0\""> <messageserver sender=\""workerA\"" owner=\""observer\"" title=\""HIT\""/></transition>"",""<transition source=\""4_0\"" destination=\""assertion failed\"" executionTime=\""0\"" shift=\""0\""> <messageserver sender=\""workerA\"" owner=\""observer\"" title=\""HIT\""/></transition>""]"	"[""<message arrival=\""0\"" deadline=\""infinity\"" sender=\""workerA\"">fire()</message>"",""<message arrival=\""0\"" deadline=\""infinity\"" sender=\""workerA\"">hit(1)</message>"",""<message arrival=\""0\"" deadline=\""infinity\"" sender=\""workerB\"">fire()</message>"",""<message arrival=\""0\"" deadline=\""infinity\"" sender=\""workerB\"">hit(2)</message>"",""<rebec name=\""workerA\"">"",""<rebec name=\""workerB\"">"",""<transition source=\""1_0\"" destination=\""2_0\"" executionTime=\""0\"" shift=\""0\""> <messageserver sender=\""workerA\"" owner=\""workerA\"" title=\""FIRE\""/></transition>"",""<transition source=\""2_0\"" destination=\""3_0\"" executionTime=\""0\"" shift=\""0\""> <messageserver sender=\""workerB\"" owner=\""workerB\"" title=\""FIRE\""/></transition>"",""<transition source=\""3_0\"" destination=\""4_0\"" executionTime=\""0\"" shift=\""0\""> <messageserver sender=\""workerA\"" owner=\""observer\"" title=\""HIT\""/></transition>"",""<transition source=\""4_0\"" destination=\""assertion failed\"" executionTime=\""0\"" shift=\""0\""> <messageserver sender=\""workerA\"" owner=\""observer\"" title=\""HIT\""/></transition>""]"	[]	25e84d6ef080d31cdfaca65f2667481593e4b3bdf018e9eb9e6997c802253ffc	e3b0c44298fc1c149afbf4c8996fb92427ae41e4649b934ca495991b7852b855	"<model-checking-report>
<system-info>
	<total-spent-time>0</total-spent-time>
	<reached-states>8</reached-states>
	<reached-transitions>11</reached-transitions>
	<consumed-mem>96</consumed-mem>
</system-info>
<checked-property>
	<type>Reachability</type>
	<name>Deadlock-Freedom and No Deadline Missed</name>
	<result>assertion failed</result>
	<message>no message</message>
<options>
	<option>Safe mode is enabled</option>
	<option>FTTS</option>
</options>
</checked-property>
<counter-example-trace>
<state id=""1_0"" atomicpropositions="""" >
	<rebec name=""workerA"">
		<statevariables>
		</statevariables>
		<queue>
			<message arrival=""0"" deadline=""infinity"" sender=""workerA"">fire()</message>
		</queue>
		<now>0</now>
	</rebec>
	<rebec name=""workerB"">
		<statevariables>
		</statevariables>
		<queue>
			<message arrival=""0"" deadline=""infinity"" sender=""workerB"">fire()</message>
		</queue>
		<now>0</now>
	</rebec>
	<rebec name=""observer"">
		<statevariables>
			<variable name=""Observer.first"" type=""int"">0</variable>
		</statevariables>
		<queue>
		</queue>
		<now>0</now>
	</rebec>
</state>
<transition source=""1_0"" destination=""2_0"" executionTime=""0"" shift=""0""> <messageserver sender=""workerA"" owner=""workerA"" title=""FIRE""/></transition>
<state id=""2_0"" atomicpropositions="""" >
	<rebec name=""workerA"">
		<statevariables>
		</statevariables>
		<queue>
		</queue>
		<now>0</now>
	</rebec>
	<rebec name=""workerB"">
		<statevariables>
		</statevariables>
		<queue>
			<message arrival=""0"" deadline=""infinity"" sender=""workerB"">fire()</message>
		</queue>
		<now>0</now>
	</rebec>
	<rebec name=""observer"">
		<statevariables>
			<variable name=""Observer.first"" type=""int"">0</variable>
		</statevariables>
		<queue>
			<message arrival=""0"" deadline=""infinity"" sender=""workerA"">hit(1)</message>
		</queue>
		<now>0</now>
	</rebec>
</state>
<transition source=""2_0"" destination=""3_0"" executionTime=""0"" shift=""0""> <messageserver sender=""workerB"" owner=""workerB"" title=""FIRE""/></transition>
<state id=""3_0"" atomicpropositions="""" >
	<rebec name=""workerA"">
		<statevariables>
		</statevariables>
		<queue>
		</queue>
		<now>0</now>
	</rebec>
	<rebec name=""workerB"">
		<statevariables>
		</statevariables>
		<queue>
		</queue>
		<now>0</now>
	</rebec>
	<rebec name=""observer"">
		<statevariables>
			<variable name=""Observer.first"" type=""int"">0</variable>
		</statevariables>
		<queue>
			<message arrival=""0"" deadline=""infinity"" sender=""workerA"">hit(1)</message>
			<message arrival=""0"" deadline=""infinity"" sender=""workerB"">hit(2)</message>
		</queue>
		<now>0</now>
	</rebec>
</state>
<transition source=""3_0"" destination=""4_0"" executionTime=""0"" shift=""0""> <messageserver sender=""workerA"" owner=""observer"" title=""HIT""/></transition>
<state id=""4_0"" atomicpropositions="""" >
	<rebec name=""workerA"">
		<statevariables>
		</statevariables>
		<queue>
		</queue>
		<now>0</now>
	</rebec>
	<rebec name=""workerB"">
		<statevariables>
		</statevariables>
		<queue>
		</queue>
		<now>0</now>
	</rebec>
	<rebec name=""observer"">
		<statevariables>
			<variable name=""Observer.first"" type=""int"">2</variable>
		</statevariables>
		<queue>
			<message arrival=""0"" deadline=""infinity"" sender=""workerA"">hit(1)</message>
		</queue>
		<now>0</now>
	</rebec>
</state>
<transition source=""4_0"" destination=""assertion failed"" executionTime=""0"" shift=""0""> <messageserver sender=""workerA"" owner=""observer"" title=""HIT""/></transition>
<state id=""assertion failed"" atomicpropositions=""assertion failed"">
</state>
</counter-example-trace>
</model-checking-report>
"	
