path	line	categories	source_line	context
frontend/java-bridge/RebecaMultiStoreJsonExporter.java	15		import org.rebecalang.compiler.modelcompiler.corerebeca.objectmodel.Annotation;	import org.rebecalang.compiler.CompilerConfig; import org.rebecalang.compiler.modelcompiler.RebecaModelCompiler; import org.rebecalang.compiler.modelcompiler.corerebeca.objectmodel.Annotation; import org.rebecalang.compiler.modelcompiler.corerebeca.objectmodel.BinaryExpression; import org.rebecalang.compiler.modelcompiler.corerebeca.objectmodel.BlockStatement; import org.rebecalang.compiler.modelcompiler.corerebeca.objectmodel.ConstructorDeclaration;
frontend/java-bridge/RebecaMultiStoreJsonExporter.java	36		import org.springframework.context.annotation.AnnotationConfigApplicationContext;	import org.rebecalang.compiler.utils.CompilerExtension; import org.rebecalang.compiler.utils.CoreVersion; import org.rebecalang.compiler.utils.ExceptionContainer; import org.springframework.context.annotation.AnnotationConfigApplicationContext; /** * Trusted adapter from the existing Timed Rebeca parser AST to the
frontend/java-bridge/RebecaMultiStoreJsonExporter.java	43	priority-reference	* Lingua Franca translation and no priority sorting.	* versioned ReLico multiple-message-server finite-store JSON bridge. * * The adapter preserves parser declaration order. It performs no * Lingua Franca translation and no priority sorting. */ public final class RebecaMultiStoreJsonExporter {
frontend/java-bridge/RebecaMultiStoreJsonExporter.java	49	local-priority-extraction	private static final String LOCAL_PRIORITY_ANNOTATION =	"private static final int SCHEMA_VERSION = 3; private static final String LOCAL_PRIORITY_ANNOTATION = ""priority""; private RebecaMultiStoreJsonExporter() {"
frontend/java-bridge/RebecaMultiStoreJsonExporter.java	50	local-priority-extraction	"""priority"";"	"private static final int SCHEMA_VERSION = 3; private static final String LOCAL_PRIORITY_ANNOTATION = ""priority""; private RebecaMultiStoreJsonExporter() { }"
frontend/java-bridge/RebecaMultiStoreJsonExporter.java	77		AnnotationConfigApplicationContext context =	} try ( AnnotationConfigApplicationContext context = new AnnotationConfigApplicationContext( CompilerConfig.class )
frontend/java-bridge/RebecaMultiStoreJsonExporter.java	78		new AnnotationConfigApplicationContext(	try ( AnnotationConfigApplicationContext context = new AnnotationConfigApplicationContext( CompilerConfig.class ) ) {
frontend/java-bridge/RebecaMultiStoreJsonExporter.java	214	annotation-access	stateField.getAnnotations(),	"} requireEmpty( stateField.getAnnotations(), ""state-variable annotations"" );"
frontend/java-bridge/RebecaMultiStoreJsonExporter.java	215	annotation-access	"""state-variable annotations"""	"requireEmpty( stateField.getAnnotations(), ""state-variable annotations"" ); return"
frontend/java-bridge/RebecaMultiStoreJsonExporter.java	271	annotation-access	constructor.getAnnotations(),	"); requireEmpty( constructor.getAnnotations(), ""constructor annotations"" );"
frontend/java-bridge/RebecaMultiStoreJsonExporter.java	272	annotation-access	"""constructor annotations"""	"requireEmpty( constructor.getAnnotations(), ""constructor annotations"" ); List<MsgsrvDeclaration> messageServers ="
frontend/java-bridge/RebecaMultiStoreJsonExporter.java	316		"""main actor"""	"requireOne( mainDeclaration .getMainRebecDefinition(), ""main actor"" ); requireEmpty("
frontend/java-bridge/RebecaMultiStoreJsonExporter.java	320	annotation-access	actor.getAnnotations(),	"); requireEmpty( actor.getAnnotations(), ""main-actor annotations"" );"
frontend/java-bridge/RebecaMultiStoreJsonExporter.java	321	annotation-access	"""main-actor annotations"""	"requireEmpty( actor.getAnnotations(), ""main-actor annotations"" ); requireEmpty("
frontend/java-bridge/RebecaMultiStoreJsonExporter.java	337		"""main actor"""	"String actorName = requireName( actor.getName(), ""main actor"" ); if (actor.getType() == null) {"
frontend/java-bridge/RebecaMultiStoreJsonExporter.java	342		"""main actor without a class type"""	"if (actor.getType() == null) { throw unsupported( ""main actor without a class type"" ); }"
frontend/java-bridge/RebecaMultiStoreJsonExporter.java	349		"""main actor class"""	"String actorClass = requireName( actor.getType().getTypeName(), ""main actor class"" ); if (!className.equals(actorClass)) {"
frontend/java-bridge/RebecaMultiStoreJsonExporter.java	354		"""the main actor must instantiate "" +"	"if (!className.equals(actorClass)) { throw unsupported( ""the main actor must instantiate "" + ""the sole reactive class"" ); }"
frontend/java-bridge/RebecaMultiStoreJsonExporter.java	408	annotation-access	reactiveClass.getAnnotations(),	"ReactiveClassDeclaration reactiveClass ) { requireEmpty( reactiveClass.getAnnotations(), ""reactive-class annotations"" );"
frontend/java-bridge/RebecaMultiStoreJsonExporter.java	409	annotation-access	"""reactive-class annotations"""	") { requireEmpty( reactiveClass.getAnnotations(), ""reactive-class annotations"" ); requireEmpty("
frontend/java-bridge/RebecaMultiStoreJsonExporter.java	503	local-priority-extraction	String priority =	"""message server"" ); String priority = extractLocalPriority( messageServer );"
frontend/java-bridge/RebecaMultiStoreJsonExporter.java	504	local-priority-extraction	extractLocalPriority(	); String priority = extractLocalPriority( messageServer );
frontend/java-bridge/RebecaMultiStoreJsonExporter.java	508	priority-reference	String priorityField =	"messageServer ); String priorityField = priority == null ? """" : fieldPrefix +"
frontend/java-bridge/RebecaMultiStoreJsonExporter.java	509	priority-reference	priority == null	"); String priorityField = priority == null ? """" : fieldPrefix + ""\""priority\"": "" +"
frontend/java-bridge/RebecaMultiStoreJsonExporter.java	512	priority-reference	"""\""priority\"": "" +"	"priority == null ? """" : fieldPrefix + ""\""priority\"": "" + priority + "",\n"";"
frontend/java-bridge/RebecaMultiStoreJsonExporter.java	513	priority-reference	priority +	"? """" : fieldPrefix + ""\""priority\"": "" + priority + "",\n""; String body ="
frontend/java-bridge/RebecaMultiStoreJsonExporter.java	531	priority-reference	priorityField +	"""\""name\"": "" + jsonString(messageServerName) + "",\n"" + priorityField + fieldPrefix + ""\""body\"": "" + body +"
frontend/java-bridge/RebecaMultiStoreJsonExporter.java	549	local-priority-extraction	private static String extractLocalPriority(	"""]""; } private static String extractLocalPriority( MsgsrvDeclaration messageServer ) { String priority ="
frontend/java-bridge/RebecaMultiStoreJsonExporter.java	552	local-priority-extraction	String priority =	private static String extractLocalPriority( MsgsrvDeclaration messageServer ) { String priority = null; for (
frontend/java-bridge/RebecaMultiStoreJsonExporter.java	556	annotation-access	Annotation annotation :	null; for ( Annotation annotation : messageServer.getAnnotations() ) { String identifier =
frontend/java-bridge/RebecaMultiStoreJsonExporter.java	557	annotation-access	messageServer.getAnnotations()	for ( Annotation annotation : messageServer.getAnnotations() ) { String identifier = requireName(
frontend/java-bridge/RebecaMultiStoreJsonExporter.java	561		annotation.getIdentifier(),	") { String identifier = requireName( annotation.getIdentifier(), ""message-server annotation"" );"
frontend/java-bridge/RebecaMultiStoreJsonExporter.java	562		"""message-server annotation"""	"String identifier = requireName( annotation.getIdentifier(), ""message-server annotation"" ); if ("
frontend/java-bridge/RebecaMultiStoreJsonExporter.java	566	local-priority-extraction	!LOCAL_PRIORITY_ANNOTATION.equals(	); if ( !LOCAL_PRIORITY_ANNOTATION.equals( identifier ) ) {
frontend/java-bridge/RebecaMultiStoreJsonExporter.java	571	unsupported-annotation-diagnostic	"""message-server annotation @"" +"	") ) { throw unsupported( ""message-server annotation @"" + identifier ); }"
frontend/java-bridge/RebecaMultiStoreJsonExporter.java	576	unsupported-annotation-diagnostic	if (priority != null) {	"); } if (priority != null) { throw unsupported( ""multiple @priority annotations on "" + messageServer.getName()"
frontend/java-bridge/RebecaMultiStoreJsonExporter.java	578	unsupported-annotation-diagnostic	"""multiple @priority annotations on "" +"	"if (priority != null) { throw unsupported( ""multiple @priority annotations on "" + messageServer.getName() ); }"
frontend/java-bridge/RebecaMultiStoreJsonExporter.java	585		annotation.getValue(),	"Expression value = requireNonNull( annotation.getValue(), ""@priority annotation without a value"" );"
frontend/java-bridge/RebecaMultiStoreJsonExporter.java	586	priority-reference	"""@priority annotation without a value"""	"Expression value = requireNonNull( annotation.getValue(), ""@priority annotation without a value"" ); if (!(value instanceof Literal literal)) {"
frontend/java-bridge/RebecaMultiStoreJsonExporter.java	591	priority-reference	"""@priority value was not normalized "" +"	"if (!(value instanceof Literal literal)) { throw unsupported( ""@priority value was not normalized "" + ""to an integer literal"" ); }"
frontend/java-bridge/RebecaMultiStoreJsonExporter.java	599	priority-reference	"""@priority value"""	"String rendered = renderIntegerLiteral( literal, ""@priority value"" ); BigInteger numeric ="
frontend/java-bridge/RebecaMultiStoreJsonExporter.java	607	priority-reference	"""@priority value must be nonnegative"""	"if (numeric.signum() < 0) { throw unsupported( ""@priority value must be nonnegative"" ); }"
frontend/java-bridge/RebecaMultiStoreJsonExporter.java	611	priority-reference	priority =	); } priority = numeric.toString(); }
frontend/java-bridge/RebecaMultiStoreJsonExporter.java	615	priority-reference	return priority;	numeric.toString(); } return priority; } private static String renderBody(
frontend/java-bridge/RebecaMultiStoreJsonExporter.java	666	annotation-access	statement.getAnnotations(),	"int indent ) { requireEmpty( statement.getAnnotations(), ""statement annotations"" );"
frontend/java-bridge/RebecaMultiStoreJsonExporter.java	667	annotation-access	"""statement annotations"""	") { requireEmpty( statement.getAnnotations(), ""statement annotations"" ); if (statement instanceof BinaryExpression binary) {"
frontend/java-bridge/RebecaMultiStorePayloadJsonExporter.java	15		import org.rebecalang.compiler.modelcompiler.corerebeca.objectmodel.Annotation;	import org.rebecalang.compiler.CompilerConfig; import org.rebecalang.compiler.modelcompiler.RebecaModelCompiler; import org.rebecalang.compiler.modelcompiler.corerebeca.objectmodel.Annotation; import org.rebecalang.compiler.modelcompiler.corerebeca.objectmodel.BinaryExpression; import org.rebecalang.compiler.modelcompiler.corerebeca.objectmodel.BlockStatement; import org.rebecalang.compiler.modelcompiler.corerebeca.objectmodel.ConstructorDeclaration;
frontend/java-bridge/RebecaMultiStorePayloadJsonExporter.java	36		import org.springframework.context.annotation.AnnotationConfigApplicationContext;	import org.rebecalang.compiler.utils.CompilerExtension; import org.rebecalang.compiler.utils.CoreVersion; import org.rebecalang.compiler.utils.ExceptionContainer; import org.springframework.context.annotation.AnnotationConfigApplicationContext; /** * Trusted adapter from the existing Timed Rebeca parser AST to the
frontend/java-bridge/RebecaMultiStorePayloadJsonExporter.java	43	priority-reference	* Lingua Franca translation and no priority sorting.	* versioned ReLico multiple-message-server finite-store JSON bridge. * * The adapter preserves parser declaration order. It performs no * Lingua Franca translation and no priority sorting. */ public final class RebecaMultiStorePayloadJsonExporter {
frontend/java-bridge/RebecaMultiStorePayloadJsonExporter.java	51	local-priority-extraction	private static final String LOCAL_PRIORITY_ANNOTATION =	"private static final int SCHEMA_VERSION = 3; private static final String LOCAL_PRIORITY_ANNOTATION = ""priority""; private RebecaMultiStorePayloadJsonExporter() {"
frontend/java-bridge/RebecaMultiStorePayloadJsonExporter.java	52	local-priority-extraction	"""priority"";"	"private static final int SCHEMA_VERSION = 3; private static final String LOCAL_PRIORITY_ANNOTATION = ""priority""; private RebecaMultiStorePayloadJsonExporter() { }"
frontend/java-bridge/RebecaMultiStorePayloadJsonExporter.java	79		AnnotationConfigApplicationContext context =	} try ( AnnotationConfigApplicationContext context = new AnnotationConfigApplicationContext( CompilerConfig.class )
frontend/java-bridge/RebecaMultiStorePayloadJsonExporter.java	80		new AnnotationConfigApplicationContext(	try ( AnnotationConfigApplicationContext context = new AnnotationConfigApplicationContext( CompilerConfig.class ) ) {
frontend/java-bridge/RebecaMultiStorePayloadJsonExporter.java	216	annotation-access	stateField.getAnnotations(),	"} requireEmpty( stateField.getAnnotations(), ""state-variable annotations"" );"
frontend/java-bridge/RebecaMultiStorePayloadJsonExporter.java	217	annotation-access	"""state-variable annotations"""	"requireEmpty( stateField.getAnnotations(), ""state-variable annotations"" ); return"
frontend/java-bridge/RebecaMultiStorePayloadJsonExporter.java	273	annotation-access	constructor.getAnnotations(),	"); requireEmpty( constructor.getAnnotations(), ""constructor annotations"" );"
frontend/java-bridge/RebecaMultiStorePayloadJsonExporter.java	274	annotation-access	"""constructor annotations"""	"requireEmpty( constructor.getAnnotations(), ""constructor annotations"" ); List<MsgsrvDeclaration> messageServers ="
frontend/java-bridge/RebecaMultiStorePayloadJsonExporter.java	315		"""main actor"""	"requireOne( mainDeclaration .getMainRebecDefinition(), ""main actor"" ); requireEmpty("
frontend/java-bridge/RebecaMultiStorePayloadJsonExporter.java	319	annotation-access	actor.getAnnotations(),	"); requireEmpty( actor.getAnnotations(), ""main-actor annotations"" );"
frontend/java-bridge/RebecaMultiStorePayloadJsonExporter.java	320	annotation-access	"""main-actor annotations"""	"requireEmpty( actor.getAnnotations(), ""main-actor annotations"" ); requireEmpty("
frontend/java-bridge/RebecaMultiStorePayloadJsonExporter.java	336		"""main actor"""	"String actorName = requireName( actor.getName(), ""main actor"" ); if (actor.getType() == null) {"
frontend/java-bridge/RebecaMultiStorePayloadJsonExporter.java	341		"""main actor without a class type"""	"if (actor.getType() == null) { throw unsupported( ""main actor without a class type"" ); }"
frontend/java-bridge/RebecaMultiStorePayloadJsonExporter.java	348		"""main actor class"""	"String actorClass = requireName( actor.getType().getTypeName(), ""main actor class"" ); if (!className.equals(actorClass)) {"
frontend/java-bridge/RebecaMultiStorePayloadJsonExporter.java	353		"""the main actor must instantiate "" +"	"if (!className.equals(actorClass)) { throw unsupported( ""the main actor must instantiate "" + ""the sole reactive class"" ); }"
frontend/java-bridge/RebecaMultiStorePayloadJsonExporter.java	407	annotation-access	reactiveClass.getAnnotations(),	"ReactiveClassDeclaration reactiveClass ) { requireEmpty( reactiveClass.getAnnotations(), ""reactive-class annotations"" );"
frontend/java-bridge/RebecaMultiStorePayloadJsonExporter.java	408	annotation-access	"""reactive-class annotations"""	") { requireEmpty( reactiveClass.getAnnotations(), ""reactive-class annotations"" ); requireEmpty("
frontend/java-bridge/RebecaMultiStorePayloadJsonExporter.java	502	local-priority-extraction	String priority =	"""message server"" ); String priority = extractLocalPriority( messageServer );"
frontend/java-bridge/RebecaMultiStorePayloadJsonExporter.java	503	local-priority-extraction	extractLocalPriority(	); String priority = extractLocalPriority( messageServer );
frontend/java-bridge/RebecaMultiStorePayloadJsonExporter.java	507	priority-reference	String priorityField =	"messageServer ); String priorityField = fieldPrefix + ""\""priority\"": "" + ("
frontend/java-bridge/RebecaMultiStorePayloadJsonExporter.java	509	priority-reference	"""\""priority\"": "" +"	"String priorityField = fieldPrefix + ""\""priority\"": "" + ( priority == null ? ""null"""
frontend/java-bridge/RebecaMultiStorePayloadJsonExporter.java	511	priority-reference	priority == null	"fieldPrefix + ""\""priority\"": "" + ( priority == null ? ""null"" : priority ) +"
frontend/java-bridge/RebecaMultiStorePayloadJsonExporter.java	513	priority-reference	: priority	"( priority == null ? ""null"" : priority ) + "",\n"";"
frontend/java-bridge/RebecaMultiStorePayloadJsonExporter.java	556	priority-reference	priorityField +	"messageServer ) + "",\n"" + priorityField + fieldPrefix + ""\""body\"": "" + body +"
frontend/java-bridge/RebecaMultiStorePayloadJsonExporter.java	574	local-priority-extraction	private static String extractLocalPriority(	"""]""; } private static String extractLocalPriority( MsgsrvDeclaration messageServer ) { String priority ="
frontend/java-bridge/RebecaMultiStorePayloadJsonExporter.java	577	local-priority-extraction	String priority =	private static String extractLocalPriority( MsgsrvDeclaration messageServer ) { String priority = null; for (
frontend/java-bridge/RebecaMultiStorePayloadJsonExporter.java	581	annotation-access	Annotation annotation :	null; for ( Annotation annotation : messageServer.getAnnotations() ) { String identifier =
frontend/java-bridge/RebecaMultiStorePayloadJsonExporter.java	582	annotation-access	messageServer.getAnnotations()	for ( Annotation annotation : messageServer.getAnnotations() ) { String identifier = requireName(
frontend/java-bridge/RebecaMultiStorePayloadJsonExporter.java	586		annotation.getIdentifier(),	") { String identifier = requireName( annotation.getIdentifier(), ""message-server annotation"" );"
frontend/java-bridge/RebecaMultiStorePayloadJsonExporter.java	587		"""message-server annotation"""	"String identifier = requireName( annotation.getIdentifier(), ""message-server annotation"" ); if ("
frontend/java-bridge/RebecaMultiStorePayloadJsonExporter.java	591	local-priority-extraction	!LOCAL_PRIORITY_ANNOTATION.equals(	); if ( !LOCAL_PRIORITY_ANNOTATION.equals( identifier ) ) {
frontend/java-bridge/RebecaMultiStorePayloadJsonExporter.java	596	unsupported-annotation-diagnostic	"""message-server annotation @"" +"	") ) { throw unsupported( ""message-server annotation @"" + identifier ); }"
frontend/java-bridge/RebecaMultiStorePayloadJsonExporter.java	601	unsupported-annotation-diagnostic	if (priority != null) {	"); } if (priority != null) { throw unsupported( ""multiple @priority annotations on "" + messageServer.getName()"
frontend/java-bridge/RebecaMultiStorePayloadJsonExporter.java	603	unsupported-annotation-diagnostic	"""multiple @priority annotations on "" +"	"if (priority != null) { throw unsupported( ""multiple @priority annotations on "" + messageServer.getName() ); }"
frontend/java-bridge/RebecaMultiStorePayloadJsonExporter.java	610		annotation.getValue(),	"Expression value = requireNonNull( annotation.getValue(), ""@priority annotation without a value"" );"
frontend/java-bridge/RebecaMultiStorePayloadJsonExporter.java	611	priority-reference	"""@priority annotation without a value"""	"Expression value = requireNonNull( annotation.getValue(), ""@priority annotation without a value"" ); if (!(value instanceof Literal literal)) {"
frontend/java-bridge/RebecaMultiStorePayloadJsonExporter.java	616	priority-reference	"""@priority value was not normalized "" +"	"if (!(value instanceof Literal literal)) { throw unsupported( ""@priority value was not normalized "" + ""to an integer literal"" ); }"
frontend/java-bridge/RebecaMultiStorePayloadJsonExporter.java	624	priority-reference	"""@priority value"""	"String rendered = renderIntegerLiteral( literal, ""@priority value"" ); BigInteger numeric ="
frontend/java-bridge/RebecaMultiStorePayloadJsonExporter.java	632	priority-reference	"""@priority value must be nonnegative"""	"if (numeric.signum() < 0) { throw unsupported( ""@priority value must be nonnegative"" ); }"
frontend/java-bridge/RebecaMultiStorePayloadJsonExporter.java	636	priority-reference	priority =	); } priority = numeric.toString(); }
frontend/java-bridge/RebecaMultiStorePayloadJsonExporter.java	640	priority-reference	return priority;	numeric.toString(); } return priority; } private static String renderBody(
frontend/java-bridge/RebecaMultiStorePayloadJsonExporter.java	694	annotation-access	statement.getAnnotations(),	"int indent ) { requireEmpty( statement.getAnnotations(), ""statement annotations"" );"
frontend/java-bridge/RebecaMultiStorePayloadJsonExporter.java	695	annotation-access	"""statement annotations"""	") { requireEmpty( statement.getAnnotations(), ""statement annotations"" ); if (statement instanceof BinaryExpression binary) {"
frontend/java-bridge/RebecaStoreJsonExporter.java	36		import org.springframework.context.annotation.AnnotationConfigApplicationContext;	import org.rebecalang.compiler.utils.CompilerExtension; import org.rebecalang.compiler.utils.CoreVersion; import org.rebecalang.compiler.utils.ExceptionContainer; import org.springframework.context.annotation.AnnotationConfigApplicationContext; /** * Trusted adapter from the existing Timed Rebeca parser AST to the
frontend/java-bridge/RebecaStoreJsonExporter.java	72		AnnotationConfigApplicationContext context =	} try ( AnnotationConfigApplicationContext context = new AnnotationConfigApplicationContext( CompilerConfig.class )
frontend/java-bridge/RebecaStoreJsonExporter.java	73		new AnnotationConfigApplicationContext(	try ( AnnotationConfigApplicationContext context = new AnnotationConfigApplicationContext( CompilerConfig.class ) ) {
frontend/java-bridge/RebecaStoreJsonExporter.java	266	annotation-access	constructor.getAnnotations(),	"); requireEmpty( constructor.getAnnotations(), ""constructor annotations"" );"
frontend/java-bridge/RebecaStoreJsonExporter.java	267	annotation-access	"""constructor annotations"""	"requireEmpty( constructor.getAnnotations(), ""constructor annotations"" ); MsgsrvDeclaration messageServer ="
frontend/java-bridge/RebecaStoreJsonExporter.java	282	annotation-access	messageServer.getAnnotations(),	"); requireEmpty( messageServer.getAnnotations(), ""message-server annotations"" );"
frontend/java-bridge/RebecaStoreJsonExporter.java	283	annotation-access	"""message-server annotations"""	"requireEmpty( messageServer.getAnnotations(), ""message-server annotations"" ); String messageServerName ="
frontend/java-bridge/RebecaStoreJsonExporter.java	302		"""main actor"""	"requireOne( mainDeclaration .getMainRebecDefinition(), ""main actor"" ); requireEmpty("
frontend/java-bridge/RebecaStoreJsonExporter.java	306	annotation-access	actor.getAnnotations(),	"); requireEmpty( actor.getAnnotations(), ""main-actor annotations"" );"
frontend/java-bridge/RebecaStoreJsonExporter.java	307	annotation-access	"""main-actor annotations"""	"requireEmpty( actor.getAnnotations(), ""main-actor annotations"" ); requireEmpty("
frontend/java-bridge/RebecaStoreJsonExporter.java	323		"""main actor"""	"String actorName = requireName( actor.getName(), ""main actor"" ); if (actor.getType() == null) {"
frontend/java-bridge/RebecaStoreJsonExporter.java	328		"""main actor without a class type"""	"if (actor.getType() == null) { throw unsupported( ""main actor without a class type"" ); }"
frontend/java-bridge/RebecaStoreJsonExporter.java	335		"""main actor class"""	"String actorClass = requireName( actor.getType().getTypeName(), ""main actor class"" ); if (!className.equals(actorClass)) {"
frontend/java-bridge/RebecaStoreJsonExporter.java	340		"""the main actor must instantiate the sole reactive class"""	"if (!className.equals(actorClass)) { throw unsupported( ""the main actor must instantiate the sole reactive class"" ); }"
frontend/java-bridge/RebecaStoreJsonExporter.java	396	annotation-access	reactiveClass.getAnnotations(),	"ReactiveClassDeclaration reactiveClass ) { requireEmpty( reactiveClass.getAnnotations(), ""reactive-class annotations"" );"
frontend/java-bridge/RebecaStoreJsonExporter.java	397	annotation-access	"""reactive-class annotations"""	") { requireEmpty( reactiveClass.getAnnotations(), ""reactive-class annotations"" ); requireEmpty("
frontend/java-bridge/RebecaV0JsonExporter.java	36		import org.springframework.context.annotation.AnnotationConfigApplicationContext;	import org.rebecalang.compiler.utils.CompilerExtension; import org.rebecalang.compiler.utils.CoreVersion; import org.rebecalang.compiler.utils.ExceptionContainer; import org.springframework.context.annotation.AnnotationConfigApplicationContext; /** * Trusted adapter from the existing Timed Rebeca parser AST to the
frontend/java-bridge/RebecaV0JsonExporter.java	72		AnnotationConfigApplicationContext context =	} try ( AnnotationConfigApplicationContext context = new AnnotationConfigApplicationContext( CompilerConfig.class )
frontend/java-bridge/RebecaV0JsonExporter.java	73		new AnnotationConfigApplicationContext(	try ( AnnotationConfigApplicationContext context = new AnnotationConfigApplicationContext( CompilerConfig.class ) ) {
frontend/java-bridge/RebecaV0JsonExporter.java	239	annotation-access	constructor.getAnnotations(),	"); requireEmpty( constructor.getAnnotations(), ""constructor annotations"" );"
frontend/java-bridge/RebecaV0JsonExporter.java	240	annotation-access	"""constructor annotations"""	"requireEmpty( constructor.getAnnotations(), ""constructor annotations"" ); MsgsrvDeclaration messageServer ="
frontend/java-bridge/RebecaV0JsonExporter.java	255	annotation-access	messageServer.getAnnotations(),	"); requireEmpty( messageServer.getAnnotations(), ""message-server annotations"" );"
frontend/java-bridge/RebecaV0JsonExporter.java	256	annotation-access	"""message-server annotations"""	"requireEmpty( messageServer.getAnnotations(), ""message-server annotations"" ); String messageServerName ="
frontend/java-bridge/RebecaV0JsonExporter.java	275		"""main actor"""	"requireOne( mainDeclaration .getMainRebecDefinition(), ""main actor"" ); requireEmpty("
frontend/java-bridge/RebecaV0JsonExporter.java	279	annotation-access	actor.getAnnotations(),	"); requireEmpty( actor.getAnnotations(), ""main-actor annotations"" );"
frontend/java-bridge/RebecaV0JsonExporter.java	280	annotation-access	"""main-actor annotations"""	"requireEmpty( actor.getAnnotations(), ""main-actor annotations"" ); requireEmpty("
frontend/java-bridge/RebecaV0JsonExporter.java	296		"""main actor"""	"String actorName = requireName( actor.getName(), ""main actor"" ); if (actor.getType() == null) {"
frontend/java-bridge/RebecaV0JsonExporter.java	301		"""main actor without a class type"""	"if (actor.getType() == null) { throw unsupported( ""main actor without a class type"" ); }"
frontend/java-bridge/RebecaV0JsonExporter.java	308		"""main actor class"""	"String actorClass = requireName( actor.getType().getTypeName(), ""main actor class"" ); if (!className.equals(actorClass)) {"
frontend/java-bridge/RebecaV0JsonExporter.java	313		"""the main actor must instantiate the sole reactive class"""	"if (!className.equals(actorClass)) { throw unsupported( ""the main actor must instantiate the sole reactive class"" ); }"
frontend/java-bridge/RebecaV0JsonExporter.java	366	annotation-access	reactiveClass.getAnnotations(),	"ReactiveClassDeclaration reactiveClass ) { requireEmpty( reactiveClass.getAnnotations(), ""reactive-class annotations"" );"
frontend/java-bridge/RebecaV0JsonExporter.java	367	annotation-access	"""reactive-class annotations"""	") { requireEmpty( reactiveClass.getAnnotations(), ""reactive-class annotations"" ); requireEmpty("
