finding_id	scope	classification	finding	evidence	limitation
LEAN-AST-01	current-source-and-target-global-asts	ESTABLISHED_STATIC_FACT	The published source and target global ASTs contain actor collections and topology but no actor-priority field.	Relico/DTR/GlobalMultiStorePayload.lean|Relico/LF/GlobalMultiStorePayload.lean	This establishes a restricted theorem domain, not semantic non-necessity for full Timed Rebeca.
LEAN-STEP-01	global-one-step-relations	ESTABLISHED_STATIC_FACT	Source and target one-step relations use an externally supplied actor-indexed dispatch witness and do not autonomously choose an actor.	Relico/DTR/GlobalMultiStorePayloadOneStep.lean|Relico/LF/GlobalMultiStorePayloadOneStep.lean	Aligned witnessed steps do not prove equivalence of actor-priority schedulers.
LEAN-BOUNDARY-01	actor-priority-boundary-theorems	ESTABLISHED_STATIC_FACT	The boundary accepts exactly no actor-priority request and rejects every explicit request, including an empty assignment by theorem generality.	Relico/Correctness/GlobalMultiStorePayloadActorPriorityBoundary.lean	The external boundary predicate is not yet connected to demonstrated parser behavior.
LOCAL-PRIORITY-01	message-server-priority	ESTABLISHED_STATIC_FACT	Local message-server priority is represented and preserved by reaction compilation.	Relico/Frontend/MultiStorePayloadSchema.lean|Relico/Correctness/GlobalMultiStorePayloadDeclaredFragment.lean	Local priority does not implement cross-actor selection.
FRONTEND-SCHEMA-01	current-json-and-lean-bridge-schema	ESTABLISHED_STATIC_FACT	The bridge schemas represent local priority but contain no actor-priority field.	Relico/Frontend/MultiStorePayloadSchema.lean|frontend/schema/multi-store-payload-v1.schema.json	Omission does not prove source-level rejection.
FRONTEND-JAVA-01	actual-java-exporter-annotation-path	DIRECT_ACTOR_ANNOTATION_ACCESS_FOUND	The Java bridge was inspected without requiring a preselected source-code spelling. Exact annotation and priority contexts are recorded in PHASE2_FRONTEND_ANNOTATION_BEHAVIOR.tsv.	phase2/PHASE2_FRONTEND_ANNOTATION_BEHAVIOR.tsv	Dynamic probes remain mandatory for absence, nonempty actor priority, reversed priority, and explicit-empty syntax.
UPSTREAM-01	official-compiler-and-model-checker	EVIDENCE_ACQUIRED_NOT_YET_INTERPRETED	Official compiler and model-checker snapshots were captured at exact commits.	compiler=91dcffcc67fd320fdf27863adbba4d6fab28ac43|modelchecker=fb4197f4b3c54c19d569b46c614024fe75bbf4b6	Exact grammar and scheduling semantics require Phase-2B interpretation and executable probes.
PAPER-01	canonical-paper	EVIDENCE_ACQUIRED_NOT_YET_INTERPRETED	Page-numbered hits for priority, scheduling, traces, steps, determinism, and equivalence were captured.	phase2/PHASE2_PAPER_HITS.tsv	Page-specific claim classification remains pending.
BENCHMARK-01	priority-related-registry-records	EVIDENCE_ACQUIRED_NOT_YET_INTERPRETED	Priority-related benchmark and obligation records were captured for local-versus-actor-priority classification.	phase2/PHASE2_REGISTRY_PRIORITY_AUDIT.tsv	Names and labels alone do not establish semantic scope.
