source	path	line	matched_categories	excerpt
official-compiler	src/main/java/org/rebecalang/compiler/modelcompiler/corerebeca/CoreRebecaCompleteCompilerFacade.java	103	priority	"public static final String PRIORITY_LABEL = ""priority""; public static final String GLOBAL_PRIORITY_LABEL = ""globalPriority"";"
official-compiler	src/main/java/org/rebecalang/compiler/modelcompiler/corerebeca/CoreRebecaCompleteCompilerFacade.java	624	priority	"if (annotation.getIdentifier().equals(PRIORITY_LABEL) || annotation.getIdentifier().equals(GLOBAL_PRIORITY_LABEL)) { CodeCompilationException cce = new CodeCompilationException(""Core Rebeca does not support priority"", annotation.getLineNumber(), annotation.getCharacter());"
official-compiler	src/main/java/org/rebecalang/compiler/modelcompiler/corerebeca/statementsemanticchecker/expression/NondetExpressionSemanticCheck.java	49	determinism	"CodeCompilationException cce = new CodeCompilationException( ""Non-deterministic terms must be constant expressions"", 0, 0);"
official-compiler	src/main/java/org/rebecalang/compiler/modelcompiler/corerebeca/statementsemanticchecker/expression/NondetExpressionSemanticCheck.java	63	determinism	"CodeCompilationException cce = new CodeCompilationException( ""Non-deterministic expression must have at least two different choices"", ndExpression.getLineNumber(), ndExpression"
official-compiler	src/main/java/org/rebecalang/compiler/modelcompiler/corerebeca/statementsemanticchecker/expression/NondetExpressionSemanticCheck.java	70	determinism	"CodeCompilationException cce = new CodeCompilationException( ""Only message servers are allowed to have non-deterministic expression"", ndExpression.getLineNumber(), ndExpression"
official-compiler	src/main/java/org/rebecalang/compiler/modelcompiler/hybridrebeca/compiler/HybridRebecaComplete.tokens	5	priority	GUARD=4 PRIORITIES=5 PRIME=6
official-compiler	src/main/java/org/rebecalang/compiler/modelcompiler/hybridrebeca/compiler/HybridRebecaComplete.tokens	104	priority	'guard'=4 'priorities'=5 '\''=6
official-compiler	src/main/java/org/rebecalang/compiler/modelcompiler/hybridrebeca/compiler/HybridRebecaCompleteLexer.java	22	priority	public static final int MODE=1, PHYSICALCLASS=2, INV=3, GUARD=4, PRIORITIES=5, PRIME=6, AFTER=7, DEADLINE=8, MONKEYS_AT=9, BREAK=10, CASE=11, CONTINUE=12, DEFAULT=13,
official-compiler	src/main/java/org/rebecalang/compiler/modelcompiler/hybridrebeca/compiler/HybridRebecaCompleteLexer.java	48	priority	"return new String[] { ""MODE"", ""PHYSICALCLASS"", ""INV"", ""GUARD"", ""PRIORITIES"", ""PRIME"", ""AFTER"", ""DEADLINE"", ""MONKEYS_AT"", ""BREAK"", ""CASE"", ""CONTINUE"", ""DEFAULT"", ""ELSE"","
official-compiler	src/main/java/org/rebecalang/compiler/modelcompiler/hybridrebeca/compiler/HybridRebecaCompleteLexer.java	70	priority	"return new String[] { null, ""'mode'"", ""'physicalclass'"", ""'inv'"", ""'guard'"", ""'priorities'"", ""'''"", ""'after'"", ""'deadline'"", ""'@'"", ""'break'"", ""'case'"", ""'continue'"","
official-compiler	src/main/java/org/rebecalang/compiler/modelcompiler/hybridrebeca/compiler/HybridRebecaCompleteLexer.java	88	priority	"return new String[] { null, ""MODE"", ""PHYSICALCLASS"", ""INV"", ""GUARD"", ""PRIORITIES"", ""PRIME"", ""AFTER"", ""DEADLINE"", ""MONKEYS_AT"", ""BREAK"", ""CASE"", ""CONTINUE"", ""DEFAULT"","
official-compiler	src/main/java/org/rebecalang/compiler/modelcompiler/hybridrebeca/compiler/HybridRebecaCompleteLexer.tokens	5	priority	GUARD=4 PRIORITIES=5 PRIME=6
official-compiler	src/main/java/org/rebecalang/compiler/modelcompiler/hybridrebeca/compiler/HybridRebecaCompleteLexer.tokens	104	priority	'guard'=4 'priorities'=5 '\''=6
official-compiler	src/main/java/org/rebecalang/compiler/modelcompiler/hybridrebeca/compiler/HybridRebecaCompleteParser.java	25	priority	public static final int MODE=1, PHYSICALCLASS=2, INV=3, GUARD=4, PRIORITIES=5, PRIME=6, AFTER=7, DEADLINE=8, MONKEYS_AT=9, BREAK=10, CASE=11, CONTINUE=12, DEFAULT=13,
official-compiler	src/main/java/org/rebecalang/compiler/modelcompiler/hybridrebeca/compiler/HybridRebecaCompleteParser.java	82	priority	"return new String[] { null, ""'mode'"", ""'physicalclass'"", ""'inv'"", ""'guard'"", ""'priorities'"", ""'''"", ""'after'"", ""'deadline'"", ""'@'"", ""'break'"", ""'case'"", ""'continue'"","
official-compiler	src/main/java/org/rebecalang/compiler/modelcompiler/hybridrebeca/compiler/HybridRebecaCompleteParser.java	100	priority	"return new String[] { null, ""MODE"", ""PHYSICALCLASS"", ""INV"", ""GUARD"", ""PRIORITIES"", ""PRIME"", ""AFTER"", ""DEADLINE"", ""MONKEYS_AT"", ""BREAK"", ""CASE"", ""CONTINUE"", ""DEFAULT"","
official-compiler	src/main/java/org/rebecalang/compiler/modelcompiler/probabilisticrebeca/statementsemanticchecker/expression/ProbabilisticExpressionSemanticCheck.java	43	determinism	double probs = 0; // Create nonDeterministic expression from the values in probabilistic // expression and
official-compiler	src/main/java/org/rebecalang/compiler/modelcompiler/timedrebeca/TimedRebecaCompleteCompilerFacade.java	163	priority	"CodeCompilationException cce = new CodeCompilationException( ""Conflict between local and global priority definitions"", annotation.getLineNumber(), annotation.getCharacter());"
official-compiler	src/main/java/org/rebecalang/compiler/modelcompiler/timedrebeca/TimedRebecaCompleteCompilerFacade.java	184	priority	"CodeCompilationException cce = new CodeCompilationException( ""Priority value expressions must be constant expressions"", annotation.getLineNumber(), annotation.getCharacter());"
official-compiler	src/main/java/org/rebecalang/compiler/modelcompiler/timedrebeca/TimedRebecaCompleteCompilerFacade.java	195	priority	"CodeCompilationException cce = new CodeCompilationException( ""Value of priority must be an integer expression"", annotation.getLineNumber(), annotation.getCharacter());"
official-compiler	src/main/resources/org/rebecalang/compiler/modelcompiler/grammar/HybridRebecaLexer.g4	17	priority	; PRIORITIES : 'priorities'
official-compiler	src/main/resources/org/rebecalang/compiler/modelcompiler/grammar/HybridRebecaLexer.g4	18	priority	PRIORITIES : 'priorities' ;
official-compiler	src/test/java/org/rebecalang/compiler/modelcompiler/ModelStructureTest.java	51	determinism	"expectedExceptionContainer.addException(new CodeCompilationException(""Direct sending to \""self\"" is allowed in constructors"", 22, 2)); expectedExceptionContainer.addException(new CodeCompilationException(""Only message servers are allowed to have non-deterministic expression"", 24, 10)); expectedExceptionContainer.addException(new CodeCompilationException(""Non-deterministic terms must be constant expressions"", 24, 15));"
official-compiler	src/test/java/org/rebecalang/compiler/modelcompiler/ModelStructureTest.java	52	determinism	"expectedExceptionContainer.addException(new CodeCompilationException(""Only message servers are allowed to have non-deterministic expression"", 24, 10)); expectedExceptionContainer.addException(new CodeCompilationException(""Non-deterministic terms must be constant expressions"", 24, 15)); expectedExceptionContainer.addException(new ScopeException(""\""c\"" undeclared"", 24, 17));"
official-compiler	src/test/java/org/rebecalang/compiler/modelcompiler/ModelStructureTest.java	68	determinism	"expectedExceptionContainer.addException( new CodeCompilationException(""Non-deterministic terms must be constant expressions"", 49, 19)); expectedExceptionContainer.addException("
official-compiler	src/test/java/org/rebecalang/compiler/modelcompiler/ModelStructureTest.java	129	priority	"expectedExceptionContainer.setCorrespondingResource(model); expectedExceptionContainer.addException(new CodeCompilationException(""Conflict between local and global priority definitions"", 22, 2)); expectedExceptionContainer.addException(new CodeCompilationException(""Value of priority must be an integer expression"", 30, 2));"
official-compiler	src/test/java/org/rebecalang/compiler/modelcompiler/ModelStructureTest.java	130	priority	"expectedExceptionContainer.addException(new CodeCompilationException(""Conflict between local and global priority definitions"", 22, 2)); expectedExceptionContainer.addException(new CodeCompilationException(""Value of priority must be an integer expression"", 30, 2));"
official-compiler	src/test/resources/org/rebecalang/compiler/modelcompiler/CoreRebecaModelAllExpressions.rebeca	2	scheduler	"@messagebag(scheduler = ""fifo"") reactiveclass Test1 (3) {"
official-compiler	src/test/resources/org/rebecalang/compiler/modelcompiler/SchedularV3.rebeca	8	scheduler	- Delay for transmission of an outAck 1 :outAT = 1 * - Delay of scheduling algorithm (if it is not negligible) 2 :schdT - Delay for transmission of inReq (from an output port to the input port of the neighboring router) 2 :inRT = 2
official-compiler	src/test/resources/org/rebecalang/compiler/modelcompiler/SchedularV3.rebeca	168	scheduler	inBufFull[i] = false; inBufPtr [i]= 0; // all selectors of round robin schedulers are set to begin from port 0, except the o scheduler for output buffer inBufLen [i] = 0;
official-compiler	src/test/resources/org/rebecalang/compiler/modelcompiler/SchedularV3.rebeca	175	scheduler	} inBufPtr [0]= 1; // round robin scheduler of 0 output buffer should start from 1 (not 0)
official-compiler	src/test/resources/org/rebecalang/compiler/modelcompiler/SchedularV3.rebeca	219	scheduler	inBufFull[i] = false; inBufPtr [i]= 0; // all selectors of round robin schedulers are set to begin from port 0, except the o scheduler for output buffer inBufLen [i] = 0;
official-compiler	src/test/resources/org/rebecalang/compiler/modelcompiler/SchedularV3.rebeca	226	scheduler	} inBufPtr [0]= 1; // round robin scheduler of 0 output buffer should start from 1 (not 0)
official-compiler	src/test/resources/org/rebecalang/compiler/modelcompiler/TimedRebecaPriority.rebeca	11	priority	@priority(3) msgsrv m2() {
official-compiler	src/test/resources/org/rebecalang/compiler/modelcompiler/TimedRebecaPriority.rebeca	28	priority	main { @priority(1) A a():();
official-compiler	src/test/resources/org/rebecalang/compiler/modelcompiler/TimedRebecaPriority.rebeca	30	priority	"A a():(); @priority(""2"") B b():();"
