sha256	size	path
0b66b3fc8a8e72d4e81f5659fae728f4df008afc60ca1d7022f52fc2af679dde	4188	docs/actor-priority/ACTOR_PRIORITY_SOURCE_SEMANTICS_AUDIT.md
1460c0fb85f299742227e75ffbb1372d3242a4cc8b7cec411b373554be1ac109	27602	docs/actor-priority/phase2/PHASE2_FRONTEND_ANNOTATION_BEHAVIOR.tsv
e2a69b8c61e5d68d058377bc45b4116dbe46a1a9b8b055697b2102bf1fbc5c58	3124	docs/actor-priority/phase2/PHASE2_STATIC_FINDINGS.tsv
83024283cf92ee6d11cc5bbd4808cae55fd89540ff627f2751154557f41b0d40	1672	docs/actor-priority/phase2/PHASE2_PROVISIONAL_CLAIM_EVIDENCE.tsv
c2bea082ec2e535fc9b457d5f7e15c555a7062accffabe87876b5286cddb4d5f	2444	docs/actor-priority/phase2/PHASE2_TOOLCHAIN_AND_SOURCES.json
78dbc01511a567d2bf791c068d78510321e8020c58c1c93d1c94281440d0a9a4	10408	docs/actor-priority/phase2/PHASE2_PAPER_HITS.tsv
cdf5fd717d5f4f4b1e011ae8ab54f709b11300806382f71037218af3ba4f3092	35951	docs/actor-priority/phase2/PHASE2_RELICO_SOURCE_HITS.tsv
6fa75599983d14a296925d8039158db5aeeab0bf89a2fe1f1546b7a9b02a2929	10820	docs/actor-priority/phase2/PHASE2_DECLARATIONS.tsv
63565406adf071df67f47c3e9bf99b3293c3eabbdac3f83774e8a1171bfb6cc9	7453	docs/actor-priority/phase2/PHASE2_FRONTEND_HITS.tsv
7424b1daab9d48d326151a8422817971194b061754bfa68ef84bd083d54029b0	180372	docs/actor-priority/phase2/PHASE2_REGISTRY_PRIORITY_AUDIT.tsv
1c1f89a567ae9f44351bc8d4baa4c1375beb3850c58d0079a97c80b9a7387a6a	10197	docs/actor-priority/phase2/PHASE2_OFFICIAL_COMPILER_HITS.tsv
7d01d833d515ca3d3bcd6d2f7a929d9e54b6352f65cb665b707624344c1f0506	57108	docs/actor-priority/phase2/PHASE2_OFFICIAL_MODELCHECKER_HITS.tsv
3161d9508c7d9e0da08c0beb3acf348b64c9f382aa40174ab3a33bcdef50aa63	85529	docs/actor-priority/phase2/PHASE2_PARSER_ARTIFACT_HITS.tsv
982ac50b0d1a8c08c270f6700dabec72ab383be740963318530abcfb5ccc3aa3	315137	docs/actor-priority/phase2/PHASE2_RMC_JAR_HITS.tsv
